/*
SQLyog Ultimate v11.11 (64 bit)
MySQL - 5.7.15 : Database - managercenter
*********************************************************************
*/

/*!40101 SET NAMES utf8 */;

/*!40101 SET SQL_MODE=''*/;

/*!40014 SET @OLD_UNIQUE_CHECKS=@@UNIQUE_CHECKS, UNIQUE_CHECKS=0 */;
/*!40014 SET @OLD_FOREIGN_KEY_CHECKS=@@FOREIGN_KEY_CHECKS, FOREIGN_KEY_CHECKS=0 */;
/*!40101 SET @OLD_SQL_MODE=@@SQL_MODE, SQL_MODE='NO_AUTO_VALUE_ON_ZERO' */;
/*!40111 SET @OLD_SQL_NOTES=@@SQL_NOTES, SQL_NOTES=0 */;
CREATE DATABASE /*!32312 IF NOT EXISTS*/`managercenter` /*!40100 DEFAULT CHARACTER SET utf8 */;

USE `managercenter`;

/*Table structure for table `mc_role` */

DROP TABLE IF EXISTS `mc_role`;

CREATE TABLE `mc_role` (
  `id` int(11) NOT NULL AUTO_INCREMENT,
  `role_name` varchar(20) DEFAULT NULL COMMENT '角色名称',
  `role_desc` varchar(200) DEFAULT NULL COMMENT '角色描述',
  `flag` int(6) DEFAULT '1' COMMENT '是否删除 1否 2是',
  `create_time` datetime DEFAULT NULL COMMENT '创建时间',
  `update_time` datetime DEFAULT NULL COMMENT '更新时间',
  `create_user_id` int(11) DEFAULT NULL COMMENT '创建人',
  `update_user_id` int(11) DEFAULT NULL COMMENT '更新人',
  `remark` varchar(255) DEFAULT NULL COMMENT '备注',
  PRIMARY KEY (`id`)
) ENGINE=InnoDB AUTO_INCREMENT=41 DEFAULT CHARSET=utf8;

/*Data for the table `mc_role` */

insert  into `mc_role`(`id`,`role_name`,`role_desc`,`flag`,`create_time`,`update_time`,`create_user_id`,`update_user_id`,`remark`) values (30,'系统管理员','后台系统管理员拥有所有功能',1,'2017-05-02 10:51:58','2017-11-02 15:50:53',1,1,''),(31,'开发示例角色','给开发者使用的角色，快速复制现有代码完成开发任务',1,'2017-05-02 10:52:12','2017-11-02 11:28:04',1,1,''),(33,'媒体站','媒体站',1,'2017-05-02 10:52:39','2017-07-03 16:20:42',1,1,''),(34,'系统开发说明','开发者规约等等文档页',1,'2017-05-19 17:47:32','2017-10-30 21:17:38',1,1,''),(35,'角色测试','测试部分权限，仅限于测试使用',1,'2017-05-19 21:29:52','2017-11-02 12:39:09',1,1,''),(40,'系统开放接口','管理系统开放接口',1,'2017-11-14 11:15:28','2017-11-19 14:43:36',1,1,'');

/*Table structure for table `mc_role_function` */

DROP TABLE IF EXISTS `mc_role_function`;

CREATE TABLE `mc_role_function` (
  `id` int(11) NOT NULL AUTO_INCREMENT COMMENT 'zid',
  `mc_role_id` int(11) DEFAULT NULL COMMENT 'mc_role表主键',
  `mc_sys_function_id` int(11) DEFAULT NULL COMMENT 'mc_sys_function表主键',
  `flag` int(6) DEFAULT NULL COMMENT '是否删除 1否 2是',
  `create_time` datetime DEFAULT NULL,
  `update_time` datetime DEFAULT NULL,
  `create_user_id` int(11) DEFAULT NULL,
  `update_user_id` int(11) DEFAULT NULL,
  `remark` varchar(255) DEFAULT NULL COMMENT '备注',
  PRIMARY KEY (`id`)
) ENGINE=InnoDB AUTO_INCREMENT=1949 DEFAULT CHARSET=utf8;

/*Data for the table `mc_role_function` */

insert  into `mc_role_function`(`id`,`mc_role_id`,`mc_sys_function_id`,`flag`,`create_time`,`update_time`,`create_user_id`,`update_user_id`,`remark`) values (1547,33,75,1,'2017-07-03 16:20:42','2017-07-03 16:20:42',1,1,''),(1548,33,109,1,'2017-07-03 16:20:42','2017-07-03 16:20:42',1,1,''),(1549,33,110,1,'2017-07-03 16:20:42','2017-07-03 16:20:42',1,1,''),(1550,33,228,1,'2017-07-03 16:20:42','2017-07-03 16:20:42',1,1,''),(1551,33,232,1,'2017-07-03 16:20:42','2017-07-03 16:20:42',1,1,''),(1552,33,120,1,'2017-07-03 16:20:42','2017-07-03 16:20:42',1,1,''),(1553,33,181,1,'2017-07-03 16:20:42','2017-07-03 16:20:42',1,1,''),(1554,33,202,1,'2017-07-03 16:20:42','2017-07-03 16:20:42',1,1,''),(1555,33,229,1,'2017-07-03 16:20:42','2017-07-03 16:20:42',1,1,''),(1556,33,233,1,'2017-07-03 16:20:42','2017-07-03 16:20:42',1,1,''),(1557,33,230,1,'2017-07-03 16:20:42','2017-07-03 16:20:42',1,1,''),(1558,33,234,1,'2017-07-03 16:20:42','2017-07-03 16:20:42',1,1,''),(1559,33,111,1,'2017-07-03 16:20:42','2017-07-03 16:20:42',1,1,''),(1560,33,123,1,'2017-07-03 16:20:42','2017-07-03 16:20:42',1,1,''),(1561,33,184,1,'2017-07-03 16:20:42','2017-07-03 16:20:42',1,1,''),(1660,34,75,1,'2017-10-30 21:17:38','2017-10-30 21:17:38',1,1,''),(1661,34,77,1,'2017-10-30 21:17:38','2017-10-30 21:17:38',1,1,''),(1662,34,250,1,'2017-10-30 21:17:38','2017-10-30 21:17:38',1,1,''),(1663,34,251,1,'2017-10-30 21:17:38','2017-10-30 21:17:38',1,1,''),(1664,34,252,1,'2017-10-30 21:17:38','2017-10-30 21:17:38',1,1,''),(1776,31,75,1,'2017-11-02 11:28:04','2017-11-02 11:28:04',1,1,''),(1777,31,77,1,'2017-11-02 11:28:04','2017-11-02 11:28:04',1,1,''),(1778,31,79,1,'2017-11-02 11:28:04','2017-11-02 11:28:04',1,1,''),(1779,31,83,1,'2017-11-02 11:28:04','2017-11-02 11:28:04',1,1,''),(1780,31,167,1,'2017-11-02 11:28:04','2017-11-02 11:28:04',1,1,''),(1781,31,126,1,'2017-11-02 11:28:04','2017-11-02 11:28:04',1,1,''),(1782,31,171,1,'2017-11-02 11:28:04','2017-11-02 11:28:04',1,1,''),(1783,31,192,1,'2017-11-02 11:28:04','2017-11-02 11:28:04',1,1,''),(1784,31,187,1,'2017-11-02 11:28:04','2017-11-02 11:28:04',1,1,''),(1785,31,208,1,'2017-11-02 11:28:04','2017-11-02 11:28:04',1,1,''),(1786,31,127,1,'2017-11-02 11:28:04','2017-11-02 11:28:04',1,1,''),(1787,31,172,1,'2017-11-02 11:28:04','2017-11-02 11:28:04',1,1,''),(1788,31,193,1,'2017-11-02 11:28:04','2017-11-02 11:28:04',1,1,''),(1789,31,257,1,'2017-11-02 11:28:04','2017-11-02 11:28:04',1,1,''),(1790,31,188,1,'2017-11-02 11:28:04','2017-11-02 11:28:04',1,1,''),(1791,31,258,1,'2017-11-02 11:28:04','2017-11-02 11:28:04',1,1,''),(1792,31,209,1,'2017-11-02 11:28:04','2017-11-02 11:28:04',1,1,''),(1793,31,210,1,'2017-11-02 11:28:04','2017-11-02 11:28:04',1,1,''),(1794,31,211,1,'2017-11-02 11:28:04','2017-11-02 11:28:04',1,1,''),(1795,31,212,1,'2017-11-02 11:28:04','2017-11-02 11:28:04',1,1,''),(1796,31,213,1,'2017-11-02 11:28:04','2017-11-02 11:28:04',1,1,''),(1797,31,214,1,'2017-11-02 11:28:04','2017-11-02 11:28:04',1,1,''),(1798,31,215,1,'2017-11-02 11:28:04','2017-11-02 11:28:04',1,1,''),(1799,31,259,1,'2017-11-02 11:28:04','2017-11-02 11:28:04',1,1,''),(1800,31,260,1,'2017-11-02 11:28:04','2017-11-02 11:28:04',1,1,''),(1801,31,80,1,'2017-11-02 11:28:04','2017-11-02 11:28:04',1,1,''),(1802,31,84,1,'2017-11-02 11:28:04','2017-11-02 11:28:04',1,1,''),(1803,31,261,1,'2017-11-02 11:28:04','2017-11-02 11:28:04',1,1,''),(1804,31,128,1,'2017-11-02 11:28:04','2017-11-02 11:28:04',1,1,''),(1805,31,227,1,'2017-11-02 11:28:04','2017-11-02 11:28:04',1,1,''),(1806,31,249,1,'2017-11-02 11:28:04','2017-11-02 11:28:04',1,1,''),(1807,35,75,1,'2017-11-02 12:39:09','2017-11-02 12:39:09',1,1,''),(1808,35,77,1,'2017-11-02 12:39:09','2017-11-02 12:39:09',1,1,''),(1809,35,250,1,'2017-11-02 12:39:09','2017-11-02 12:39:09',1,1,''),(1810,35,251,1,'2017-11-02 12:39:09','2017-11-02 12:39:09',1,1,''),(1811,35,79,1,'2017-11-02 12:39:09','2017-11-02 12:39:09',1,1,''),(1812,35,126,1,'2017-11-02 12:39:09','2017-11-02 12:39:09',1,1,''),(1813,35,171,1,'2017-11-02 12:39:09','2017-11-02 12:39:09',1,1,''),(1814,35,208,1,'2017-11-02 12:39:09','2017-11-02 12:39:09',1,1,''),(1815,35,127,1,'2017-11-02 12:39:09','2017-11-02 12:39:09',1,1,''),(1816,35,172,1,'2017-11-02 12:39:09','2017-11-02 12:39:09',1,1,''),(1817,35,193,1,'2017-11-02 12:39:09','2017-11-02 12:39:09',1,1,''),(1818,35,257,1,'2017-11-02 12:39:09','2017-11-02 12:39:09',1,1,''),(1819,35,258,1,'2017-11-02 12:39:09','2017-11-02 12:39:09',1,1,''),(1820,35,209,1,'2017-11-02 12:39:09','2017-11-02 12:39:09',1,1,''),(1821,35,210,1,'2017-11-02 12:39:09','2017-11-02 12:39:09',1,1,''),(1822,35,212,1,'2017-11-02 12:39:09','2017-11-02 12:39:09',1,1,''),(1823,35,214,1,'2017-11-02 12:39:09','2017-11-02 12:39:09',1,1,''),(1824,35,259,1,'2017-11-02 12:39:09','2017-11-02 12:39:09',1,1,''),(1825,35,260,1,'2017-11-02 12:39:09','2017-11-02 12:39:09',1,1,''),(1826,35,80,1,'2017-11-02 12:39:09','2017-11-02 12:39:09',1,1,''),(1827,35,84,1,'2017-11-02 12:39:09','2017-11-02 12:39:09',1,1,''),(1828,35,261,1,'2017-11-02 12:39:09','2017-11-02 12:39:09',1,1,''),(1829,35,249,1,'2017-11-02 12:39:09','2017-11-02 12:39:09',1,1,''),(1830,35,78,1,'2017-11-02 12:39:09','2017-11-02 12:39:09',1,1,''),(1831,35,253,1,'2017-11-02 12:39:09','2017-11-02 12:39:09',1,1,''),(1832,35,254,1,'2017-11-02 12:39:09','2017-11-02 12:39:09',1,1,''),(1833,35,255,1,'2017-11-02 12:39:09','2017-11-02 12:39:09',1,1,''),(1834,30,75,1,'2017-11-02 15:50:53','2017-11-02 15:50:53',1,1,''),(1835,30,78,1,'2017-11-02 15:50:53','2017-11-02 15:50:53',1,1,''),(1836,30,81,1,'2017-11-02 15:50:53','2017-11-02 15:50:53',1,1,''),(1837,30,117,1,'2017-11-02 15:50:53','2017-11-02 15:50:53',1,1,''),(1838,30,197,1,'2017-11-02 15:50:53','2017-11-02 15:50:53',1,1,''),(1839,30,118,1,'2017-11-02 15:50:53','2017-11-02 15:50:53',1,1,''),(1840,30,177,1,'2017-11-02 15:50:53','2017-11-02 15:50:53',1,1,''),(1841,30,198,1,'2017-11-02 15:50:53','2017-11-02 15:50:53',1,1,''),(1842,30,119,1,'2017-11-02 15:50:53','2017-11-02 15:50:53',1,1,''),(1843,30,178,1,'2017-11-02 15:50:53','2017-11-02 15:50:53',1,1,''),(1844,30,199,1,'2017-11-02 15:50:53','2017-11-02 15:50:53',1,1,''),(1845,30,253,1,'2017-11-02 15:50:53','2017-11-02 15:50:53',1,1,''),(1846,30,254,1,'2017-11-02 15:50:53','2017-11-02 15:50:53',1,1,''),(1847,30,255,1,'2017-11-02 15:50:53','2017-11-02 15:50:53',1,1,''),(1848,30,262,1,'2017-11-02 15:50:53','2017-11-02 15:50:53',1,1,''),(1933,40,75,1,'2017-11-19 14:43:36','2017-11-19 14:43:36',1,1,''),(1934,40,78,1,'2017-11-19 14:43:36','2017-11-19 14:43:36',1,1,''),(1935,40,287,1,'2017-11-19 14:43:36','2017-11-19 14:43:36',1,1,''),(1936,40,288,1,'2017-11-19 14:43:36','2017-11-19 14:43:36',1,1,''),(1937,40,289,1,'2017-11-19 14:43:36','2017-11-19 14:43:36',1,1,''),(1938,40,290,1,'2017-11-19 14:43:36','2017-11-19 14:43:36',1,1,''),(1939,40,291,1,'2017-11-19 14:43:36','2017-11-19 14:43:36',1,1,''),(1940,40,292,1,'2017-11-19 14:43:36','2017-11-19 14:43:36',1,1,''),(1941,40,293,1,'2017-11-19 14:43:36','2017-11-19 14:43:36',1,1,''),(1942,40,294,1,'2017-11-19 14:43:36','2017-11-19 14:43:36',1,1,''),(1943,40,295,1,'2017-11-19 14:43:36','2017-11-19 14:43:36',1,1,''),(1944,40,296,1,'2017-11-19 14:43:36','2017-11-19 14:43:36',1,1,''),(1945,40,297,1,'2017-11-19 14:43:36','2017-11-19 14:43:36',1,1,''),(1946,40,298,1,'2017-11-19 14:43:36','2017-11-19 14:43:36',1,1,''),(1947,40,299,1,'2017-11-19 14:43:36','2017-11-19 14:43:36',1,1,''),(1948,40,300,1,'2017-11-19 14:43:36','2017-11-19 14:43:36',1,1,'');

/*Table structure for table `mc_seller_company` */

DROP TABLE IF EXISTS `mc_seller_company`;

CREATE TABLE `mc_seller_company` (
  `id` int(11) NOT NULL AUTO_INCREMENT COMMENT 'zid',
  `mc_company_name` varchar(50) DEFAULT NULL COMMENT '商户名称',
  `flag` int(6) DEFAULT NULL COMMENT '是否删除 1否 2是',
  `create_time` datetime DEFAULT NULL,
  `update_time` datetime DEFAULT NULL,
  `create_user_id` int(11) DEFAULT NULL,
  `update_user_id` int(11) DEFAULT NULL,
  `remark` varchar(255) DEFAULT NULL COMMENT '备注',
  `symbiosis` int(2) DEFAULT NULL COMMENT '合作关系',
  PRIMARY KEY (`id`)
) ENGINE=InnoDB AUTO_INCREMENT=125017 DEFAULT CHARSET=utf8;

/*Data for the table `mc_seller_company` */

insert  into `mc_seller_company`(`id`,`mc_company_name`,`flag`,`create_time`,`update_time`,`create_user_id`,`update_user_id`,`remark`,`symbiosis`) values (125014,'惠家有',1,'2016-09-27 21:28:57','2016-09-27 21:28:57',1,1,'asdfasd',NULL),(125015,'Nick中国',1,'2016-09-27 21:29:39','2016-09-27 21:29:39',1,1,'c',NULL),(125016,'苹果中国',1,'2016-09-27 21:31:45','2016-09-27 21:31:45',1,1,'o',NULL);

/*Table structure for table `mc_sys_function` */

DROP TABLE IF EXISTS `mc_sys_function`;

CREATE TABLE `mc_sys_function` (
  `id` int(11) NOT NULL AUTO_INCREMENT COMMENT 'zid',
  `mc_seller_company_id` int(11) NOT NULL DEFAULT '1' COMMENT '1为平台本身|还有其他商户|mc_seller_company表主键|据此过滤权限树',
  `name` varchar(40) NOT NULL COMMENT '功能名称 导航栏与菜单栏所显示的名称',
  `parent_id` varchar(12) NOT NULL COMMENT '父节点。root为0 其下为:商户->导航栏->一级菜单栏->二级菜单栏->页面按钮',
  `seqnum` int(6) NOT NULL COMMENT '顺序码 同一层次显示顺序：导航栏 一级菜单栏 二级菜单栏 对应的显示顺序',
  `nav_type` int(6) NOT NULL COMMENT '-1 根节点 0 商户名称 1 横向导航栏|2 为1级菜单栏|3 2级菜单栏 |4 页面按钮|5 内部跳转页面',
  `style_class` varchar(20) DEFAULT '' COMMENT '此项针对一级菜单栏 如：inbox   <a href="#example" class="inbox">开发者快速入门</a>',
  `style_key` varchar(50) DEFAULT '' COMMENT '此项针对一级菜单栏 如：example  <ul id="example">',
  `func_url` varchar(255) DEFAULT '' COMMENT '此项针对二级菜单栏 如：example/pageFormExample.do',
  `flag` int(6) DEFAULT '1' COMMENT '是否删除 1否 2是 3新加(数据库不会有此状态，只在页面新增节点时做判断用)',
  `create_time` datetime DEFAULT NULL,
  `update_time` datetime DEFAULT NULL,
  `create_user_id` int(11) DEFAULT NULL,
  `update_user_id` int(11) DEFAULT NULL,
  `remark` varchar(255) DEFAULT NULL COMMENT '备注',
  `btn_area` varchar(20) DEFAULT '' COMMENT '按钮节点所在页面的位置。10001：功能区域；10002：查询区域；10003：数据区域',
  `ele_value` varchar(50) DEFAULT '' COMMENT '元素ID标识 配合btn_area使用',
  PRIMARY KEY (`id`)
) ENGINE=InnoDB AUTO_INCREMENT=301 DEFAULT CHARSET=utf8;

/*Data for the table `mc_sys_function` */

insert  into `mc_sys_function`(`id`,`mc_seller_company_id`,`name`,`parent_id`,`seqnum`,`nav_type`,`style_class`,`style_key`,`func_url`,`flag`,`create_time`,`update_time`,`create_user_id`,`update_user_id`,`remark`,`btn_area`,`ele_value`) values (1,1,'root：系统功能树','-1',1,-1,'root','root','rool',1,'2016-06-05 14:19:24','2016-06-05 14:19:26',1,1,'系统根节点','',NULL),(75,1,'Leader','1',1,0,'','','',1,'2017-04-05 17:14:11','2017-11-02 10:08:02',1,1,'Leader底层管理系统','',''),(77,1,'开发示例','75',2,1,'','','',1,'2017-04-05 17:15:33','2017-06-15 15:27:01',1,1,'为系统开发这提供的示例','',''),(78,1,'系统权限配置','75',3,1,'','','',1,'2017-04-05 17:16:31','2017-06-15 15:27:02',1,1,'系统权限与用户创建','',''),(79,1,'开发者快速入门','77',2,2,'editor','37c694131c304c2588c4b906567631b1','',1,'2017-04-05 17:16:48','2017-10-27 15:46:34',1,1,'开发者快速入门','',''),(80,1,'实例样本','77',3,2,'editor','0cf9aa57b07149d586cc8998af6cfe7d','',1,'2017-04-05 17:17:05','2017-10-27 15:46:34',1,1,'实例样本','',''),(81,1,'系统用户相关','78',1,2,'editor','b06962367f8640fcbf11d4bca147101b','',1,'2017-04-05 17:17:29','2017-05-18 11:05:45',1,1,'系统用户相关','',''),(83,1,'添加信息示例','79',1,3,'','','example/page_example_add_info.do',1,'2017-04-05 17:18:00','2017-05-25 18:15:45',1,1,'添加信息示例','',''),(84,1,'实际样本-A','80',1,3,'','','example/page_example_a.do',1,'2017-04-05 17:20:02','2017-05-15 22:51:46',1,1,'实际样本-A','',''),(117,1,'系统用户列表','81',1,3,'','','manager/page_manager_user_list.do',1,'2017-04-20 21:55:45','2017-05-18 11:08:13',1,1,'系统用户列表','',''),(118,1,'系统角色列表','81',2,3,'','','sysrole/page_sysrole_mc_role_list.do',1,'2017-04-20 21:55:58','2017-05-19 14:00:37',1,1,'系统角色列表','',''),(119,1,'系统功能列表','81',3,3,'','','sysrole/page_sysrole_function.do',1,'2017-04-20 21:56:11','2017-05-23 14:23:44',1,1,'系统功能列表','',''),(126,1,'Ajax 分页示例','79',2,3,'','','example/page_example_ajax_form.do',1,'2017-04-20 21:59:43','2017-05-15 22:46:28',1,1,'Ajax 分页示例','',''),(127,1,'Ajax 分页+弹出窗体分页 示例','79',3,3,'','','example/page_example_ajax_form_dialog.do',1,'2017-04-20 21:59:54','2017-05-15 22:47:25',1,1,'Ajax 分页+弹出窗体分页 示例','',''),(128,1,'实际样本-B','80',2,3,'','','example/page_example_b.do',1,'2017-04-20 22:00:09','2017-05-15 22:52:17',1,1,'实际样本-B','',''),(167,1,'添加','83',1,4,'','','',1,'2017-04-30 21:23:59','2017-06-14 11:23:32',1,1,'123123','10001','btn-9bb559430eeb4b9290e0999776ace4b1'),(171,1,'查询','126',1,4,'','','',1,'2017-05-02 10:43:56','2017-05-15 23:07:26',1,1,'查询','10002','btn-0f380a0fef2544d19c7c62e1c273937d'),(172,1,'查询','127',1,4,'','','',1,'2017-05-02 10:44:28','2017-11-02 09:55:54',1,1,'添加','10002','btn-46867f49acea4feab584e75291f90b78'),(177,1,'添加','118',1,4,'','','',1,'2017-05-02 10:45:14','2017-05-02 10:45:14',1,1,'添加','10001','btn-e78f4fb8a8794b40b4aaccf7715f9904'),(178,1,'添加','119',1,4,'','','',1,'2017-05-02 10:45:22','2017-05-02 10:45:22',1,1,'添加','10001','btn-d671400a9d4b44a6bfaf52d697b3a413'),(187,1,'删除','126',3,4,'','','',1,'2017-05-02 10:46:47','2017-05-15 23:08:42',1,1,'删除','10003','btn-44d72c6a34f947c89ab0f7c8d94d7766'),(188,1,'修改','127',4,5,'','','asdfasdf',1,'2017-05-02 10:47:02','2017-11-02 09:55:54',1,1,'修改','10003','btn-fc096d69a8434ec6ada2d3a33dd5fd0a'),(192,1,'重置','126',2,4,'','','',1,'2017-05-02 10:48:43','2017-05-15 23:07:57',1,1,'重置','10002','btn-a8e2930b381b45509f96fc2965b04386'),(193,1,'重置','127',2,4,'','','',1,'2017-05-02 10:48:50','2017-11-02 09:55:54',1,1,'查看','10002','btn-d0c8534ac13b47f7b2d0cb1fb9fd6774'),(197,1,'查询','117',2,4,'','','',1,'2017-05-02 10:49:33','2017-05-02 10:49:33',1,1,'查询','10001','btn-5e420538c3954b109a5afdc3fa4ed80c'),(198,1,'查询','118',2,4,'','','',1,'2017-05-02 10:49:47','2017-05-02 10:49:47',1,1,'查询','10001','btn-d9dc670ae66445dbbd0750c8b80d5d73'),(199,1,'查询','119',2,4,'','','',1,'2017-05-02 10:49:55','2017-05-02 10:49:55',1,1,'查询','10001','btn-bc18f0a001774234a82a7d113dad44fb'),(208,1,'修改','126',4,4,'','','',1,'2017-05-15 23:09:45','2017-05-15 23:09:45',1,1,'修改','10003','btn-8af25e9d48b54978893354701e73fc12'),(209,1,'自定义 alert confirm note 示例','79',4,3,'','','example/page_example_alert.do',1,'2017-05-18 09:58:27','2017-05-18 09:58:27',1,1,'自定义 alert confirm note 示例','',''),(210,1,'基本 Alert','209',1,4,'','','',1,'2017-05-18 09:59:35','2017-05-18 09:59:35',1,1,'基本 Alert','10001','btn-2c4941853b1849969c336522909ad99b'),(211,1,'确认对话框 confirm','209',2,4,'','','',1,'2017-05-18 09:59:48','2017-05-18 09:59:48',1,1,'确认对话框 confirm','10001','btn-5b4d350a836a4bcba7a1716bd3643bab'),(212,1,'输入对话框 prompt','209',3,4,'','','',1,'2017-05-18 09:59:58','2017-05-18 09:59:58',1,1,'输入对话框 prompt','10001','btn-8067f6befea34eebbb9ea8c8d8ca7f58'),(213,1,'alert 支持html标签','209',4,4,'','','',1,'2017-05-18 10:00:08','2017-05-18 10:00:08',1,1,'alert 支持html标签','10001','btn-b1044c816ea14c6e9b8ddd3b1087b530'),(214,1,'弹出层示例','79',5,3,'','','example/page_example_block_ui.do',1,'2017-05-18 23:44:06','2017-05-18 23:51:28',1,1,'介绍系统常见的弹出层','',''),(215,1,'添加弹层示例','214',1,4,'','','',1,'2017-05-18 23:44:35','2017-11-01 15:09:19',1,1,'开头语','10001','btn-1a06b8d89eef48f6a2587fc0b4b47cfe'),(227,1,'ueditor编辑器示例','80',4,3,'','','example/page_example_ueditor.do',1,'2017-06-08 11:14:00','2017-06-08 11:14:00',1,1,'ueditor编辑器示例','',''),(249,1,'图片|文件上传','80',5,3,'','','example/page_example_file_upload.do',1,'2017-10-20 15:20:56','2017-10-20 15:20:56',1,1,'图片|文件上传 示例','',''),(250,1,'项目介绍','77',1,2,'editor','304180247f1044f6a9a56a78a407fdc3','',1,'2017-10-27 15:46:29','2017-10-27 15:46:34',1,1,'项目介绍','',''),(251,1,'开发者规约-java','250',1,3,'','','example/page_developer_specification.do',1,'2017-10-27 15:47:22','2017-10-30 21:12:51',1,1,'开发者规约','',''),(252,1,'开发者规约-javascript','250',2,3,'','','example/page_developer_specification_js.do',1,'2017-10-30 21:17:27','2017-10-30 21:17:27',1,1,'开发者规约-javascript','',''),(253,1,'系统配置与查询','78',2,2,'editor','a6a534ca38384f8787a8306ea0f23651','',1,'2017-11-01 09:33:14','2017-11-01 09:33:14',1,1,'系统配置与查询','',''),(254,1,'缓存查看','253',1,3,'','','cache/page_cache_get_value.do',1,'2017-11-01 09:33:53','2017-11-01 09:33:53',1,1,'查看系统中的缓存信息','',''),(255,1,'缓存重置','253',2,3,'','','cache/page_cache_reload.do',1,'2017-11-01 10:14:45','2017-11-01 10:14:45',1,1,'缓存重置，用户的、字典的、其他的','',''),(257,1,'删除','127',3,4,'','','',1,'2017-11-01 15:01:37','2017-11-02 09:55:54',1,1,'删除','10003','btn-aac5d5e4f45d41ea97bd2670d9fb64f5'),(258,1,'弹窗分页','127',5,4,'','','',1,'2017-11-01 15:02:14','2017-11-02 09:55:54',1,1,'弹窗分页','10003','btn-86091b2565e54d05b4776066fbf5600a'),(259,1,'自定义滚动条示例-ul-列表','214',2,4,'','','',1,'2017-11-01 15:09:40','2017-11-01 15:09:40',1,1,'自定义滚动条示例-ul-列表','10001','btn-0466d157bdbe4288b082dce9b4cb62dc'),(260,1,'自定义滚动条示例-tree','214',3,4,'','','',1,'2017-11-01 15:10:11','2017-11-01 15:10:11',1,1,'自定义滚动条示例-tree','10001','btn-f140ed655ba347d099b04e2c66a6202c'),(261,1,'搜索日志信息','84',1,4,'','','',1,'2017-11-02 10:02:02','2017-11-02 10:02:02',1,1,'搜索日志信息','10001','btn-55ee0a123a05484d8cc22235b709c2ff'),(263,1,'媒体站','1',2,0,'','','',1,'2017-11-04 22:10:49','2017-11-04 22:10:49',1,1,'媒体站相关信息','',''),(264,1,'媒体站','263',1,1,'','','',1,'2017-11-04 22:11:06','2017-11-04 22:12:26',1,1,'媒体站','',''),(267,1,'素材管理','264',1,2,'editor','119a0b14e78c4dd89623b6b6355dc957','',1,'2017-11-04 22:27:24','2017-11-04 22:27:24',1,1,'素材管理','',''),(268,1,'分类管理','264',2,2,'editor','5479cea91646492fa9d5a6112471db5e','',1,'2017-11-04 22:28:40','2017-11-04 22:28:40',1,1,'分类管理','',''),(269,1,'待发布文章列表','267',1,3,'','','media/page_media_unreleased_list.do',1,'2017-11-04 22:29:09','2017-11-04 22:29:09',1,1,'未发布文章列表，保存的是编辑从草稿箱中提交的文章。只有主管可见，内容发布行为则由主管负责','',''),(270,1,'已发布文章列表','267',2,3,'','','media/page_media_released_list.do',1,'2017-11-04 22:29:29','2017-11-04 22:29:29',1,1,'已发布文章，所有人都可以见','',''),(271,1,'查询','269',1,4,'','','',1,'2017-11-04 22:29:50','2017-11-04 22:46:23',1,1,'查询','10002','btn-5a5c5926d7624c27a713acedfba7fede'),(272,1,'添加','270',1,4,'','','',1,'2017-11-04 22:30:45','2017-11-04 22:30:45',1,1,'添加','10001','btn-5a7ba2059bb746bfa5336bc524ed7e3f'),(273,1,'草稿箱列表','267',3,3,'','','media/page_media_drafts_list.do',1,'2017-11-04 22:31:52','2017-11-04 22:31:52',1,1,'保存了编辑尚未提交到未发布状态的文章，只有编辑人员可见，编辑人员可以看到自己的草稿，不能看到别人的草稿','',''),(274,1,'回收站列表','267',4,3,'','','media/page_media_recycle_bin_list.do',1,'2017-11-04 22:32:11','2017-11-04 22:32:11',1,1,'回收站里是编辑人员从草稿箱中删除的文章，如果在回收站中删除了一片文章，则再也无法找回。','',''),(275,1,'文章分类管理','268',1,3,'','','media/page_media_article_assort_manage.do',1,'2017-11-04 22:32:36','2017-11-04 22:32:36',1,1,'文章分类管理：海外购、生活电器、厨房用品等等。','',''),(287,1,'系统开放接口','78',3,2,'editor','d27673e123c9447f8c789ab260b3adb2','',1,'2017-11-14 11:10:26','2017-11-14 11:10:26',1,1,'包含公司内部接口、开放给第三方的接口等。由这里进行统一管理','',''),(288,1,'api所属项目','287',1,3,'','','apicenter/page_apicenter_project_list.do',1,'2017-11-14 11:14:22','2017-11-14 11:14:22',1,1,'api所属项目-应对可能出现的多项目|ac_api_project表的数据','',''),(289,1,'查 询','288',1,4,'','','',1,'2017-11-14 11:34:07','2017-11-14 11:34:07',1,1,'查 询','10002','btn-0fc78c45dc114367a29afc59631a2c8a'),(290,1,'重 置','288',2,4,'','','',1,'2017-11-14 11:34:18','2017-11-14 11:34:18',1,1,'重 置','10002','btn-6b623665eba54cc295ce1783f345e551'),(291,1,'添加','288',3,4,'','','',1,'2017-11-14 14:09:04','2017-11-14 14:09:04',1,1,'添加','10001','btn-c30bd4b3bbd2485bb0de1699de16f468'),(292,1,'删除','288',4,4,'','','',1,'2017-11-14 14:50:57','2017-11-14 14:50:57',1,1,'删除','10003','btn-7e4778fef8984144989fc29a108c90fa'),(293,1,'修改','288',5,4,'','','',1,'2017-11-14 14:51:32','2017-11-14 14:51:32',1,1,'修改','10003','btn-e9a3b210edbb42ff900921125c97de2f'),(294,1,'跨域白名单','287',2,3,'','','apicenter/page_apicenter_include_domain_list.do',1,'2017-11-15 09:24:04','2017-11-15 09:24:04',1,1,'记录系统允许跨域的域名','',''),(295,1,'查询','294',1,4,'','','',1,'2017-11-15 09:24:29','2017-11-15 09:24:29',1,1,'查询','10002','btn-36115fcb839c4770aee18a3697f28461'),(296,1,'重置','294',2,4,'','','',1,'2017-11-15 09:26:24','2017-11-15 09:26:24',1,1,'重置','10002','btn-c1ffc1ad85f04b628553c0702f174016'),(297,1,'添加','294',3,4,'','','',1,'2017-11-15 09:26:37','2017-11-15 09:26:37',1,1,'添加','10001','btn-9558fd9d4d6b4c278845038576fe7a04'),(298,1,'删除','294',4,4,'','','',1,'2017-11-15 09:26:48','2017-11-15 09:26:48',1,1,'删除','10001','btn-7ec99f2159e14847a0b9f6527ddc9ffb'),(299,1,'修改','294',5,4,'','','',1,'2017-11-15 09:27:02','2017-11-15 09:27:02',1,1,'修改','10001','btn-f45f1f0e5a844d5581d7f2f04aa7d009'),(300,1,'api信息树','287',3,3,'','','apicenter/page_apicenter_api_info_list.do',1,'2017-11-19 14:43:17','2017-11-19 14:43:17',1,1,'api信息树','','');

/*Table structure for table `mc_user_info` */

DROP TABLE IF EXISTS `mc_user_info`;

CREATE TABLE `mc_user_info` (
  `id` int(11) NOT NULL AUTO_INCREMENT COMMENT 'zid',
  `mc_seller_company_id` int(11) DEFAULT '0' COMMENT 'mc_seller_company表主键',
  `user_name` varchar(25) DEFAULT '' COMMENT '用户姓名',
  `password` varchar(45) DEFAULT '' COMMENT '密码',
  `flag` int(2) DEFAULT '2' COMMENT '是否有效用户 1否 2是',
  `idcard` varchar(20) DEFAULT '' COMMENT '身份证号',
  `sex` int(6) DEFAULT '2' COMMENT '性别 1：男 2：女',
  `birthday` date DEFAULT NULL COMMENT '生日',
  `mobile` varchar(20) DEFAULT NULL COMMENT '手机号',
  `email` varchar(50) DEFAULT NULL COMMENT '邮箱',
  `create_time` datetime DEFAULT NULL COMMENT '创建时间',
  `remark` longtext COMMENT '备注',
  PRIMARY KEY (`id`)
) ENGINE=InnoDB AUTO_INCREMENT=1981 DEFAULT CHARSET=utf8 COMMENT='API表格';

/*Data for the table `mc_user_info` */

insert  into `mc_user_info`(`id`,`mc_seller_company_id`,`user_name`,`password`,`flag`,`idcard`,`sex`,`birthday`,`mobile`,`email`,`create_time`,`remark`) values (1,0,'admin','63a9f0ea7bb98050796b649e85481845',2,'4677',1,NULL,'13511112221','yangchenglin@huijiayou.cn','2017-04-05 11:15:13','admin edit this user'),(2,0,'媒体站','63a9f0ea7bb98050796b649e85481845',2,'46770109',1,NULL,'13511112222','root@pw.com','2017-04-05 11:15:15','admin edit this user'),(3,0,'权限B','96e79218965eb72c92a549dd5a330112',2,'467701090001',2,NULL,'13511112223','101002677','2017-04-05 11:15:16','admin edit this user'),(4,0,'权限C','96e79218965eb72c92a549dd5a330112',2,'46770109',2,NULL,'13511112224','101002677','2017-04-05 11:15:18','admin edit this user'),(5,0,'阿珂','96e79218965eb72c92a549dd5a330112',2,'12346453456',2,NULL,'13511112225','101002103@qq.com','2017-04-05 11:15:20','admin edit this user'),(6,0,'双儿','96e79218965eb72c92a549dd5a330112',2,'46770109',2,NULL,'13511112226','101002677@qq.com','2017-04-05 11:15:30','admin edit this user'),(7,0,'觉远','96e79218965eb72c92a549dd5a330112',2,'1343452345122345',1,NULL,'13511112227','1351111222','2017-04-05 11:15:32','admin edit this user'),(8,0,'张三丰','96e79218965eb72c92a549dd5a330112',2,'13511112221234',1,NULL,'13511112228','1351111222','2017-04-05 11:17:09','admin edit this user'),(9,0,'张无忌','96e79218965eb72c92a549dd5a330112',2,'135111122t6795676',1,NULL,'13511112229','1351111222','2017-04-05 11:17:05','admin edit this user'),(10,0,'郭靖','96e79218965eb72c92a549dd5a330112',2,'1351111222',1,NULL,'13511112230','211351223','2017-04-05 11:17:50','admin edit this user'),(11,0,'杨过','96e79218965eb72c92a549dd5a330112',2,'13511112235473',1,NULL,'13511112231','1351111223','2017-04-05 11:18:18','admin edit this user'),(13,0,'爱丽丝.布什','63a9f0ea7bb98050796b649e85481845',2,'1351111223',2,NULL,'13511112233','1351111223@huijiayou.com','2017-04-05 11:19:59','admin edit this user'),(14,0,'小龙女','96e79218965eb72c92a549dd5a330112',2,'',2,NULL,'1341234123412','xialongnv@sdxl.com','2017-05-18 22:39:43','admin create this user'),(16,0,'cindy','96e79218965eb72c92a549dd5a330112',2,'',2,NULL,'11111111','cind@hjy.com','2017-05-19 11:47:22','admin create this user'),(1980,0,'权限测试','63a9f0ea7bb98050796b649e85481845',2,'',2,NULL,'1390088068','111111@pw.com','2017-05-31 18:02:51','admin edit this user');

/*Table structure for table `mc_user_info_ext` */

DROP TABLE IF EXISTS `mc_user_info_ext`;

CREATE TABLE `mc_user_info_ext` (
  `id` int(11) NOT NULL AUTO_INCREMENT,
  `user_info_id` int(11) DEFAULT NULL COMMENT 'mc_user_info表主键',
  `pic_url` varchar(500) DEFAULT '' COMMENT '用户头像',
  `page_css` varchar(40) DEFAULT 'default' COMMENT '后台页面css样式',
  `platform` varchar(5) DEFAULT 'P01' COMMENT '所属后台系统名称 P01：管理后台',
  `parama` varchar(40) DEFAULT '',
  `paramb` varchar(40) DEFAULT '',
  `paramc` varchar(40) DEFAULT '',
  `paramd` varchar(40) DEFAULT '',
  `parame` varchar(40) DEFAULT '',
  `paramf` varchar(40) DEFAULT '',
  `paramg` varchar(40) DEFAULT '',
  `paramh` varchar(40) DEFAULT '',
  `parami` varchar(40) DEFAULT '',
  `paramj` varchar(40) DEFAULT '',
  `paramk` varchar(40) DEFAULT '',
  `paraml` varchar(40) DEFAULT '',
  `paramm` varchar(40) DEFAULT '',
  `paramn` varchar(40) DEFAULT '',
  `paramo` varchar(40) DEFAULT '',
  `paramp` varchar(40) DEFAULT '',
  `paramq` varchar(40) DEFAULT '',
  `paramr` varchar(40) DEFAULT '',
  `params` varchar(40) DEFAULT '',
  `paramt` varchar(40) DEFAULT '' COMMENT 'param a-t 为扩展字段，可以直接替换',
  PRIMARY KEY (`id`)
) ENGINE=InnoDB AUTO_INCREMENT=20 DEFAULT CHARSET=utf8;

/*Data for the table `mc_user_info_ext` */

insert  into `mc_user_info_ext`(`id`,`user_info_id`,`pic_url`,`page_css`,`platform`,`parama`,`paramb`,`paramc`,`paramd`,`parame`,`paramf`,`paramg`,`paramh`,`parami`,`paramj`,`paramk`,`paraml`,`paramm`,`paramn`,`paramo`,`paramp`,`paramq`,`paramr`,`params`,`paramt`) values (1,1,'','contrast','P01','','','','','','','','','','','','','','','','','','','',''),(2,2,'','contrast','P01','','','','','','','','','','','','','','','','','','','',''),(3,3,'','','P01','','','','','','','','','','','','','','','','','','','',''),(4,4,'','','P01','','','','','','','','','','','','','','','','','','','',''),(5,5,'','','P01','','','','','','','','','','','','','','','','','','','',''),(6,6,'','','P01','','','','','','','','','','','','','','','','','','','',''),(7,7,'','','P01','','','','','','','','','','','','','','','','','','','',''),(8,8,'','','P01','','','','','','','','','','','','','','','','','','','',''),(9,9,'','','P01','','','','','','','','','','','','','','','','','','','',''),(10,10,'','','P01','','','','','','','','','','','','','','','','','','','',''),(11,11,'','','P01','','','','','','','','','','','','','','','','','','','',''),(13,13,'','','P01','','','','','','','','','','','','','','','','','','','',''),(14,14,'','','P01','','','','','','','','','','','','','','','','','','','',''),(16,16,'','','P01','','','','','','','','','','','','','','','','','','','',''),(19,1980,'','default','P01','','','','','','','','','','','','','','','','','','','','');

/*Table structure for table `mc_user_role` */

DROP TABLE IF EXISTS `mc_user_role`;

CREATE TABLE `mc_user_role` (
  `id` int(11) NOT NULL AUTO_INCREMENT COMMENT 'zid',
  `mc_user_id` int(11) DEFAULT NULL COMMENT 'mc_user_info 表 主键',
  `mc_role_id` int(11) DEFAULT NULL COMMENT 'mc_role表主键',
  `flag` int(6) DEFAULT NULL COMMENT '是否删除 1否 2是',
  `create_time` datetime DEFAULT NULL,
  `update_time` datetime DEFAULT NULL,
  `create_user_id` int(11) DEFAULT NULL,
  `update_user_id` int(11) DEFAULT NULL,
  `remark` varchar(255) DEFAULT NULL COMMENT '备注',
  PRIMARY KEY (`id`)
) ENGINE=InnoDB AUTO_INCREMENT=104 DEFAULT CHARSET=utf8;

/*Data for the table `mc_user_role` */

insert  into `mc_user_role`(`id`,`mc_user_id`,`mc_role_id`,`flag`,`create_time`,`update_time`,`create_user_id`,`update_user_id`,`remark`) values (92,1,30,1,'2017-06-08 11:14:41','2017-06-08 11:14:41',1,1,''),(95,13,31,1,'2017-06-14 17:32:50','2017-06-14 17:32:50',1,1,''),(96,2,33,1,'2017-07-03 16:21:23','2017-07-03 16:21:23',1,1,''),(99,2,31,1,'2017-10-24 18:20:59','2017-10-24 18:20:59',1,1,''),(100,1,34,1,'2017-10-27 15:50:23','2017-10-27 15:50:23',1,1,''),(101,1,31,1,'2017-11-02 11:14:04','2017-11-02 11:14:04',1,1,''),(102,1980,35,1,'2017-11-02 12:39:45','2017-11-02 12:39:45',1,1,''),(103,1,40,1,'2017-11-14 11:15:57','2017-11-14 11:15:57',1,1,'');

/*!40101 SET SQL_MODE=@OLD_SQL_MODE */;
/*!40014 SET FOREIGN_KEY_CHECKS=@OLD_FOREIGN_KEY_CHECKS */;
/*!40014 SET UNIQUE_CHECKS=@OLD_UNIQUE_CHECKS */;
/*!40111 SET SQL_NOTES=@OLD_SQL_NOTES */;
