/*
SQLyog Ultimate v12.09 (64 bit)
MySQL - 5.7.15 : Database - mediacenter
*********************************************************************
*/

/*!40101 SET NAMES utf8 */;

/*!40101 SET SQL_MODE=''*/;

/*!40014 SET @OLD_UNIQUE_CHECKS=@@UNIQUE_CHECKS, UNIQUE_CHECKS=0 */;
/*!40014 SET @OLD_FOREIGN_KEY_CHECKS=@@FOREIGN_KEY_CHECKS, FOREIGN_KEY_CHECKS=0 */;
/*!40101 SET @OLD_SQL_MODE=@@SQL_MODE, SQL_MODE='NO_AUTO_VALUE_ON_ZERO' */;
/*!40111 SET @OLD_SQL_NOTES=@@SQL_NOTES, SQL_NOTES=0 */;
CREATE DATABASE /*!32312 IF NOT EXISTS*/`mediacenter` /*!40100 DEFAULT CHARACTER SET utf8 */;

USE `mediacenter`;

/*Table structure for table `mc_article_info` */

DROP TABLE IF EXISTS `mc_article_info`;

CREATE TABLE `mc_article_info` (
  `id` int(11) NOT NULL AUTO_INCREMENT,
  `title` varchar(30) DEFAULT '' COMMENT '文章标题',
  `title_pic` varchar(200) DEFAULT '' COMMENT '标题小图片',
  `source` varchar(10) DEFAULT '惠家有' COMMENT '文章来源：惠家有|新浪新闻|网易新闻等等',
  `author` varchar(20) DEFAULT NULL COMMENT '作者',
  `author_id` int(11) DEFAULT NULL COMMENT '作者id',
  `editor` varchar(20) DEFAULT NULL COMMENT '编辑人',
  `editor_id` int(11) DEFAULT NULL COMMENT '编辑人id',
  `release_type` char(2) DEFAULT '01' COMMENT '发布状态 01:待发布|02:已发布|03:草稿箱|04:回收站',
  `releaser` varchar(20) DEFAULT '' COMMENT '发布人',
  `release_time` datetime DEFAULT NULL COMMENT '发布时间',
  `article_type_id` int(11) DEFAULT NULL COMMENT '文章分类id',
  `reader_count` int(11) DEFAULT '0' COMMENT '阅读数量',
  `thumbs_up_count` int(11) DEFAULT '0' COMMENT '点赞数量',
  `share_count` int(11) DEFAULT '0' COMMENT '分享数量',
  `top_type` char(2) DEFAULT '02' COMMENT '置顶状态 01:置顶 02未置顶',
  `source_link` varchar(450) DEFAULT '' COMMENT '原文链接 如果文章来源是第三方网站',
  `html_content` longtext COMMENT '文章的html文档',
  `rel_product_json` longtext COMMENT '推荐商品json数据',
  `create_time` datetime DEFAULT NULL COMMENT '创建时间',
  `update_time` datetime DEFAULT NULL COMMENT '更新时间',
  `to_release_source` varchar(2) DEFAULT '03' COMMENT '待发布文章的来源：02已发布撤回的 03草稿箱提交的 04回收站还原的',
  `recycle_bin_source` varchar(2) DEFAULT '01' COMMENT '回收站文章来源 01新建的文章 02 被驳回的文章',
  `remark` varchar(40) DEFAULT '' COMMENT '备注|驳回原因等',
  `out_url` varchar(200) DEFAULT '' COMMENT '原文链接',
  PRIMARY KEY (`id`)
) ENGINE=InnoDB AUTO_INCREMENT=63 DEFAULT CHARSET=utf8;

/*Data for the table `mc_article_info` */

insert  into `mc_article_info`(`id`,`title`,`title_pic`,`source`,`author`,`author_id`,`editor`,`editor_id`,`release_type`,`releaser`,`release_time`,`article_type_id`,`reader_count`,`thumbs_up_count`,`share_count`,`top_type`,`source_link`,`html_content`,`rel_product_json`,`create_time`,`update_time`,`to_release_source`,`recycle_bin_source`,`remark`,`out_url`) values (1,'已发布列表1','http://image-family.huijiayou.cn/cfiles/staticfiles/upload/2716b/d3d9daeba5434d6eb7f98d4105ede0ba.jpg','惠家有','1',1,'1',1,'04','','2017-06-16 17:33:41',1,4625,7978,5643,'02','',NULL,NULL,'2017-06-16 17:33:48','2017-07-24 14:45:10','02','01','',''),(2,'2','http://image-family.huijiayou.cn/cfiles/staticfiles/upload/2716b/a7abec07ec314f8a877498ceb01eb3c5.jpg','惠家有','1',1,'1',1,'02','','2017-06-16 17:33:41',1,2310,124,125346,'02','',NULL,NULL,'2017-06-16 17:33:48','2017-06-16 17:33:50','03','01',' ',''),(3,'3','http://image-family.huijiayou.cn/cfiles/staticfiles/upload/299a5/6a0cef574fdb4645bdb68d325c7db7a7.jpg','惠家有','1',1,'1',1,'02','','2017-06-16 17:34:00',1,64560,34520,126568,'02','',NULL,NULL,'2017-06-16 17:34:04','2017-06-16 17:34:07','03','01',' ',''),(4,'4','http://image-family.huijiayou.cn/cfiles/staticfiles/upload/29959/44e400d7ae2b4f0eb59022e2f2824fd0.jpg','惠家有','1',1,'1',1,'02','媒体站','2017-06-16 17:34:20',1,342510,3520,1234342,'02','','<p>惠家有</p>','[{\"productCode\":\"8016410843\",\"productName\":\"唯眠纺 磨毛压花彩边枕头 1只装\",\"productImg\":\"http://cfiles.beta.huijiayou.cn/cfiles/staticfiles/upload/299bb/ed5c448a89484cc9a33877860801fa7d.jpg\",\"productPrice\":\"59.00\"}]','2017-06-16 17:34:37','2017-07-25 11:24:39','02','01',' ',''),(5,'5','http://image-family.huijiayou.cn/cfiles/staticfiles/upload/29a1a/d2ecce6d745a4774902d33f4b88b335f.jpg','惠家有','2',2,'2',2,'02','','2017-06-16 17:34:59',2,342340,36740,15573,'02','',NULL,NULL,'2017-06-16 17:35:04','2017-06-16 17:35:05','03','01',' ',''),(6,'6','http://image-family.huijiayou.cn/cfiles/staticfiles/imzoom/29a16/03e354480a344440a539beb76f949536.jpg','惠家有','2',2,'2',2,'02','','2017-06-16 17:35:19',2,754320,1243,86575,'02','',NULL,NULL,'2017-06-16 17:35:24','2017-06-16 17:35:26','03','01',' ',''),(7,'滴顶','http://image-family.huijiayou.cn/cfiles/staticfiles/imzoom/29a16/03e354480a344440a539beb76f949536.jpg','惠家有','张小编',2,'王大编',2,'02','媒体站','2017-07-04 11:27:14',2,235235,123,2352,'02','','<p><br/></p><p>都说父亲是无所不能的超人，但“超人”在奶瓶、尿布与磨人的熊孩子面前，似乎也只能妥协</p><p><img src=\"http://test-files.huijiayou.cn/cfiles/staticfiles/upload/29ad9/20eac6c1094d4771bf27b539b2fe0f10.jpg\" title=\"20eac6c1094d4771bf27b539b2fe0f10.jpg\" alt=\"1.jpg\"/></p><p style=\"white-space: normal;\">鉴于众多奶爸带娃的辛酸史，小创来带你看看科技界的大佬们一个个都是怎样“分身有术”，带娃有方的。</p><p style=\"white-space: normal;\">猜到你第一反应是在想，真的假的……大佬们不是都这样吗 ↓↓↓</p><p><img src=\"http://test-files.huijiayou.cn/cfiles/staticfiles/upload/29ad9/9a46a588a41e4f79a54413388bfb83b3.jpg\" title=\"9a46a588a41e4f79a54413388bfb83b3.jpg\" alt=\"2.jpg\"/></p><p>还真别说，这些科技大佬们，带娃都挺一套一套的，至于他们是怎么“挤”出时间带娃的，别急，后面会给你一一道来。</p><p><br/></p><p>要说新手级别的老爸，那非 Facebook 的 CEO 扎克伯格莫属了。自从2015年12月，小扎的女儿 Max 诞生后，小扎顺利从炫妻进化到炫女狂魔了。</p><p><br/></p><p>2</p><p>sfda</p><p><br/></p><p><br/></p><p><br/></p>','[{\"productCode\":\"130067\",\"productName\":\"行销绿美净厨房防油污贴纸\",\"productImg\":\"http://cfiles.beta.huijiayou.cn/cfiles/staticfiles/imzoom/274f6/620fe1f35d494ee39f7bb9cd5ae2d464.jpg\",\"productPrice\":\"369.00\"},{\"productCode\":\"119832\",\"productName\":\"妙夫人赠品挂钩3件\",\"productImg\":\"http://cfiles.beta.huijiayou.cn/cfiles/staticfiles/imzoom/2748d/6c5cfae14f3144c290f7f8dd97897e3c.jpg\",\"productPrice\":\"35.00\"}]','2017-07-04 11:27:39','2017-07-25 16:48:56','02','02','asdfadsf','http://test-files.huijiayou.cn/cfiles/staticfiles/upload/29adf/f4998c6347f148a19b7994a524619e1d.html'),(8,'未发布测试-草稿箱提交的','http://test-files.huijiayou.cn/cfiles/staticfiles/upload/29adf/18ff22a0831f40ccbf3514077f5c3a5e.jpg','惠家有','王大编',2,'张小编',2,'04','','2017-07-04 11:29:03',2,0,0,0,'02','','','[{\"productCode\":\"7016100348\",\"productName\":\"喷雾防晒\",\"productImg\":\"http://cfiles.beta.huijiayou.cn/cfiles/staticfiles/upload/29a84/c179939cfd65423793bd4c5c4da94d86.jpg\",\"productPrice\":\"269.00\"},{\"productCode\":\"7016100342\",\"productName\":\"日本·碧柔 清爽倍护防晒乳液\",\"productImg\":\"http://cfiles.beta.huijiayou.cn/cfiles/staticfiles/upload/29a7b/8694ea2ab0f54a1aa71ffd38b190ec2b.jpg\",\"productPrice\":\"168.00\"}]','2017-07-04 11:30:24','2017-07-24 14:45:07','03','01','',''),(9,'未发布测试-回收站还原的','http://image-family.huijiayou.cn/cfiles/staticfiles/imzoom/29a16/03e354480a344440a539beb76f949536.jpg','惠家有','张小编',2,'王大编',2,'04','','2017-07-04 11:31:18',3,3462,3447,352,'02','',NULL,NULL,'2017-07-04 11:31:34','2017-07-24 14:45:04','03','02','  ',''),(11,'草稿箱新建被驳回','http://image-family.huijiayou.cn/cfiles/staticfiles/upload/2716b/d3d9daeba5434d6eb7f98d4105ede0ba.jpg','惠家有','张小编',2,'王大编',2,'03','','2017-07-04 11:31:18',3,3462,3447,352,'02','','',NULL,'2017-07-04 11:31:34','2017-07-04 14:25:19','04','02','文章太长了，删减了以后再提交',''),(14,'待发布被删除','http://image-family.huijiayou.cn/cfiles/staticfiles/upload/299a5/6a0cef574fdb4645bdb68d325c7db7a7.jpg','惠家有','张小编',2,'王大编',2,'04','','2017-07-04 11:31:18',3,3462,3447,352,'02','','',NULL,'2017-07-04 11:31:34','2017-07-04 18:00:44','02','02','srghahre',''),(15,'待发布被删除','http://image-family.huijiayou.cn/cfiles/staticfiles/upload/299a5/6a0cef574fdb4645bdb68d325c7db7a7.jpg','惠家有','张小编',2,'王大编',2,'04','','2017-07-04 11:31:18',3,3462,3447,352,'02','','',NULL,'2017-07-04 11:31:34','2017-07-04 17:55:33','02','02','123',''),(17,'待发布被删除','http://image-family.huijiayou.cn/cfiles/staticfiles/upload/299a5/6a0cef574fdb4645bdb68d325c7db7a7.jpg','惠家有','张小编',2,'王大力',2,'03','王大力','2017-07-04 11:31:18',3,3462,3447,352,'02','','',NULL,'2017-07-04 11:31:34','2017-07-05 10:38:50','04','02','ask就东方航空',''),(22,'11223','http://test-files.huijiayou.cn/cfiles/staticfiles/upload/29ae5/9e4de783dd304332a35f8737b4bb752c.jpg','11225','媒体站',2,NULL,NULL,'02','媒体站','2017-07-07 16:56:59',3,0,0,0,'02','','<p><img src=\"http://cfiles.beta.huijiayou.cn/cfiles/staticfiles/upload/29ad3/e8cb20c990a94a82a65c0c5483545624.jpg\" title=\"e8cb20c990a94a82a65c0c5483545624.jpg\" alt=\"2ef85bf0f4404c3ba9475f94e50f8ed3.jpg\"/></p><p><img src=\"http://cfiles.beta.huijiayou.cn/cfiles/staticfiles/upload/29ad3/2cbcdafce47d40d897e799efaf4de203.jpg\" title=\"2cbcdafce47d40d897e799efaf4de203.jpg\" alt=\"f666919edf8449a696d0dec73c645fcd.jpg\"/></p><p><img src=\"http://cfiles.beta.huijiayou.cn/cfiles/staticfiles/upload/29ad3/fd96ea2a7f1845a4a47c65781513cb45.jpg\" title=\"fd96ea2a7f1845a4a47c65781513cb45.jpg\" alt=\"0e487d2fc0ca47aebaa7cbe0e3722359.jpg\"/></p>','[{\"productCode\":\"132181\",\"productName\":\"联合利华冷热水两用净水器\",\"productImg\":\"http://cfiles.beta.huijiayou.cn/cfiles/staticfiles/upload/29951/b5ca7add97504e45abf8f28a7480bc13.jpg\",\"productPrice\":\"1380.00\"},{\"productCode\":\"133617\",\"productName\":\"Delandis进口天然乳胶床垫1.5M\",\"productImg\":\"http://image.sycdn.ichsy.com/cfiles/staticfiles/upload/22746/7d7a8c575a2944a5a7ef9d43046b40ce.jpg\",\"productPrice\":\"2680.00\"},{\"productCode\":\"111111\",\"productName\":\"韩国现代养生煲HDSH-1008B\",\"productImg\":\"\",\"productPrice\":\"249.00\"},{\"productCode\":\"132181\",\"productName\":\"联合利华冷热水两用净水器\",\"productImg\":\"http://cfiles.beta.huijiayou.cn/cfiles/staticfiles/upload/29951/b5ca7add97504e45abf8f28a7480bc13.jpg\",\"productPrice\":\"1380.00\"},{\"productCode\":\"107371\",\"productName\":\"伊法兰妮炫彩华章真皮钱包\",\"productImg\":\"\",\"productPrice\":\"95.00\"},{\"productCode\":\"119832\",\"productName\":\"妙夫人赠品挂钩3件\",\"productImg\":\"http://cfiles.beta.huijiayou.cn/cfiles/staticfiles/imzoom/2748d/6c5cfae14f3144c290f7f8dd97897e3c.jpg\",\"productPrice\":\"35.00\"}]','2017-07-07 16:57:00','2017-07-25 10:41:35','02','01','',''),(24,'俏妞儿TV找寻计划','http://test-files.huijiayou.cn/cfiles/staticfiles/upload/29ae5/1892f7d0f12745d3aec87e154995c8e8.jpg','惠家有','媒体站',2,'媒体站',2,'02','媒体站','2017-07-26 11:19:28',5,0,0,0,'02','','<p>阿萨德法师打发斯蒂芬卢卡斯的减肥了埃里克森的房价阿拉山口打飞机爱丽丝快递费加拉克水电费埃里克森的房价<br/></p><p>阿斯蒂芬骄傲了覅诶我改啦扣水电费拉见识到了分开就爱上了的咖啡机阿里山的f阿斯蒂芬久爱网IE刚回啦是看得见法拉克束带结发</p><p>爱仕达看风景埃里克及覅刚回啦开始的活够啦快速搭建弗兰克</p><p><img src=\"http://test-files.huijiayou.cn/cfiles/staticfiles/upload/29adf/4706a9fdf6bc4bc8b0ed077cb066ba7d.jpg\" title=\"4706a9fdf6bc4bc8b0ed077cb066ba7d.jpg\" alt=\"7929e999a9014c0845ce1438007b02087af4f447.jpg\" width=\"638\" height=\"290\" style=\"width: 638px; height: 290px;\"/></p><p>按时打发第三方飞是谁的分公司电饭锅</p><h1>标题H1测试<br/></h1><p>卡上的覅问了问爱的， 阿克苏的否否为俺几个， 阿里可敬的覅我爱的刚卡死的房间里玩儿按了个地方，&nbsp;</p><p>爱上的浪费IE拉斯科的减肥了，阿斯蒂芬诶阿里个， 爱丽丝的附件欧IE卡里的，干嘛了看电视就发生地方</p><p><img src=\"http://test-files.huijiayou.cn/cfiles/staticfiles/upload/29ade/72de65c7083340bf9614d7de237191a8.jpg\" title=\"72de65c7083340bf9614d7de237191a8.jpg\" alt=\"1.jpg\"/><br/></p><p>i水电费哭敬爱的啊， 阿里山的覅玩儿， 奥迪桑科拉萨蒂废物禽流感了， 阿迪哦亲个花篮的恐惧感，啊爹</p><p>爱的法律都死了看，爱的减肥来了，ASDL高和孤傲我加工费拉拉看 啊速度快了分解 &nbsp;奥斯卡打飞机可，。爱对方</p><p>阿萨德了客服节az.dkjfla嘎嘎和，a.dsjol</p><h2>标题2测试</h2><p>是的伽伽海外海爱丽丝的附件卡里水电费&nbsp;<br/></p><p>爱上当客服就拉开减肥阿斯顿发客服就暗恋谁看得见风拉斯科的减肥了卡死机东方丽景上岛咖啡加拉斯柯达减肥啦快递费骄傲了肯定是减肥</p><p>爱上的骄傲了圣诞节覅而浪费就爱丽舍宫hi欧文和公交费拉开交水电费龙卡及二手房</p><p>奥斯卡打飞机案例及覅额l</p><p>安静的分裂为了国家流口水的减肥了卡士大夫</p><h3>标题3测试</h3><p>结案率看电视就过来u都和阿里发动机阿里山的咖啡机埃里克森都寄过来开会骄傲乐山大佛和爱和欧IT好ID号旮旯的世界观 &nbsp;的咖啡机爱丽丝快递费就爱上的佛爱速度佛IE我就给</p><p>嗷嗷哭是打飞机拉菲哥拉还生了个哈哈哦和然后拉开接发的是阿里山的发的说法就拉倒可分解够了哈&nbsp;</p><p><img src=\"http://test-files.huijiayou.cn/cfiles/staticfiles/upload/29ade/150228b3519c4e8b936cfdae53be919e.jpg\" title=\"150228b3519c4e8b936cfdae53be919e.jpg\" alt=\"2.jpg\"/></p><p style=\"text-align: center;\">轻轻的我走了，</p><p style=\"text-align: center;\">正如我轻轻的来；</p><p style=\"text-align: center;\">我轻轻的招手，</p><p style=\"text-align: center;\">作别西天的云彩。</p><p style=\"text-align: center;\">----</p><p style=\"text-align: center;\">那河畔的金柳，</p><p style=\"text-align: center;\">是夕阳中的新娘；</p><p style=\"text-align: center;\">波光里的艳影，</p><p style=\"text-align: center;\">在我的心头荡漾。</p><p style=\"text-align: center;\">----</p><p style=\"text-align: center;\">软泥上的青荇，</p><p style=\"text-align: center;\">油油的在水底招摇；</p><p style=\"text-align: center;\">在康河的柔波里，</p><p style=\"text-align: center;\">我甘心做一条水草！</p><p style=\"text-align: center;\">----</p><p style=\"text-align: center;\">那榆荫下的一潭，</p><p style=\"text-align: center;\">不是清泉，是天上虹；</p><p style=\"text-align: center;\">揉碎在浮藻间，</p><p style=\"text-align: center;\">沉淀着彩虹似的梦。</p><p><br/></p>','[{\"productCode\":\"130066\",\"productName\":\"行销绿美净极细纤维舒适擦巾\",\"productImg\":\"http://cfiles.beta.huijiayou.cn/cfiles/staticfiles/upload/27422/b84d079433e14b48aefe9449f8e60ade.jpg\",\"productPrice\":\"120.00\"},{\"productCode\":\"8016408750\",\"productName\":\"梦幻西游哈哈哈\",\"productImg\":\"http://cfiles.beta.huijiayou.cn/cfiles/staticfiles/upload/29ad6/ec2b795a12484be5b7a2f55dc7b32ab6.jpg\",\"productPrice\":\"199.00\"},{\"productCode\":\"8016410798\",\"productName\":\"商品关键字提示测试商品关键字提示测试商品关键字提示测试\",\"productImg\":\"http://cfiles.beta.huijiayou.cn/cfiles/staticfiles/upload/299a8/72ca128180af406f9302d38351400ced.jpg\",\"productPrice\":\"0.02\"},{\"productCode\":\"7016100351\",\"productName\":\"测试商品001\",\"productImg\":\"http://cfiles.beta.huijiayou.cn/cfiles/staticfiles/upload/29ad3/a9beb45134cc46f99ecb95bbf947e88b.jpg\",\"productPrice\":\"100.00\"},{\"productCode\":\"7016100348\",\"productName\":\"喷雾防晒\",\"productImg\":\"http://cfiles.beta.huijiayou.cn/cfiles/staticfiles/upload/29a84/c179939cfd65423793bd4c5c4da94d86.jpg\",\"productPrice\":\"269.00\"},{\"productCode\":\"8016410841\",\"productName\":\"产品验收新品判断\",\"productImg\":\"http://cfiles.beta.huijiayou.cn/cfiles/staticfiles/upload/299b2/6e6c5f4a1ca444eba25854eb49f5c605.png\",\"productPrice\":\"70.00\"}]','2017-07-18 15:07:26','2017-07-26 11:19:26','02','01','','http://test-files.huijiayou.cn/cfiles/staticfiles/upload/29ae4/d7d15ed1a98b4b7180484dbd085043c8.html'),(25,'压缩图片测试','http://test-files.huijiayou.cn/cfiles/staticfiles/upload/29adf/047d2f06c24542608b980470dfe346c1.jpg','测试','媒体站',2,'媒体站',2,'02','媒体站','2017-07-26 14:12:36',2,0,0,0,'02','','<p><img src=\"http://test-files.huijiayou.cn/cfiles/staticfiles/upload/29adf/77325a3d59f34d0394ac9bd83337cc7e.jpg\" title=\"77325a3d59f34d0394ac9bd83337cc7e.jpg\" alt=\"06a105684cc24605b04b7dd40bf9dcd1.jpg\"/></p><p><img src=\"http://test-files.huijiayou.cn/cfiles/staticfiles/upload/29adf/126c007e86044767a9615e22cb90276b.jpg\" title=\"126c007e86044767a9615e22cb90276b.jpg\" alt=\"231e4d6d90564cce9b023dfe447eb899.jpg\"/></p><p><img src=\"http://test-files.huijiayou.cn/cfiles/staticfiles/upload/29adf/827ceac6c2054324913f03377971f6c7.jpg\" title=\"827ceac6c2054324913f03377971f6c7.jpg\" alt=\"58deec61de3747db934dae29bbe33acb.jpg\"/></p>','[{\"productCode\":\"130067\",\"productName\":\"行销绿美净厨房防油污贴纸\",\"productImg\":\"http://cfiles.beta.huijiayou.cn/cfiles/staticfiles/imzoom/274f6/620fe1f35d494ee39f7bb9cd5ae2d464.jpg\",\"productPrice\":\"369.00\"},{\"productCode\":\"120002\",\"productName\":\"诺天佛佑平安东陵玉观音佛套组\",\"productImg\":\"http://cfiles.beta.huijiayou.cn/cfiles/staticfiles/imzoom/2749f/10bf132ce3574d1aa9b5490b0a8362a1.jpg\",\"productPrice\":\"30.00\"},{\"productCode\":\"119832\",\"productName\":\"妙夫人赠品挂钩3件\",\"productImg\":\"http://cfiles.beta.huijiayou.cn/cfiles/staticfiles/imzoom/2748d/6c5cfae14f3144c290f7f8dd97897e3c.jpg\",\"productPrice\":\"35.00\"},{\"productCode\":\"130065\",\"productName\":\"行销富培美洗衣槽清洁锭\",\"productImg\":\"http://cfiles.beta.huijiayou.cn/cfiles/staticfiles/imzoom/274f9/1a54c1afc69b430f95eeec7312390ed9.jpg\",\"productPrice\":\"100.00\"},{\"productCode\":\"130066\",\"productName\":\"行销绿美净极细纤维舒适擦巾\",\"productImg\":\"http://cfiles.beta.huijiayou.cn/cfiles/staticfiles/upload/27422/b84d079433e14b48aefe9449f8e60ade.jpg\",\"productPrice\":\"120.00\"},{\"productCode\":\"116590\",\"productName\":\"1月型录赠品美莉安果饮\",\"productImg\":\"http://cfiles.beta.huijiayou.cn/cfiles/staticfiles/upload/29ad0/170d23e2998b45be98a5d8c4fa8f0030.jpg\",\"productPrice\":\"50.00\"},{\"productCode\":\"118870\",\"productName\":\"爱仕达多功能妙极不粘锅8件套\",\"productImg\":\"http://cfiles.beta.huijiayou.cn/cfiles/staticfiles/imzoom/275b9/37e227a1d70c453f83d7ed246d96d468.jpg\",\"productPrice\":\"1200.00\"}]','2017-07-19 10:58:17','2017-07-26 14:12:33','02','01','','http://test-files.huijiayou.cn/cfiles/staticfiles/upload/29ae6/44e13180d13540b49c0c83b0a2cc34e5.html'),(27,'荔枝补益气血，是女人的“恩物”','http://test-files.huijiayou.cn/cfiles/staticfiles/upload/29ae1/d0f7c68d9ce64af2ba20421adc0b7472.jpg','惠家有','媒体站',2,'媒体站',2,'02','媒体站','2017-07-21 14:53:29',1,0,0,0,'02','','<p style=\"text-align: center; text-indent: 2em;\"><span style=\"font-family: 宋体; font-size: 24px;\">荔枝补益气血，是女人的“恩物”</span></p><p style=\"text-align: left; text-indent: 2em;\"><span style=\"font-family: 宋体;color:dimgray;background:white\">又是一年荔枝上市时。</span><span style=\";font-family:宋体;color:#333333;background:white\">荔枝与香蕉、</span><a href=\"https://baike.so.com/doc/5349993-5585449.html\" target=\"_blank\"><span style=\"font-family:宋体;color:#333333;text-underline:none\">菠萝</span></a><span style=\";font-family:宋体;color:#333333;background:white\">、龙眼一同号称</span><span style=\";font-family:&#39;Arial&#39;,&#39;sans-serif&#39;;color:#333333;background:white\">&quot;</span><a href=\"https://baike.so.com/doc/5401532-5639156.html\" target=\"_blank\"><span style=\"font-family:宋体;color:#333333;text-underline:none\">南国四大果品</span></a><span style=\";font-family:&#39;Arial&#39;,&#39;sans-serif&#39;;color:#333333;background:white\">&quot;</span><span style=\";font-family:宋体;color:#333333;background:white\">。荔枝因杨贵妃喜食而闻名，使得杜牧写下</span><span style=\";font-family:&#39;Arial&#39;,&#39;sans-serif&#39;;color:#333333;background:white\">&quot;</span><span style=\";font-family:宋体;color:#333333;background:white\">一骑红尘妃子笑，无人知是荔枝来</span><span style=\";font-family:&#39;Arial&#39;,&#39;sans-serif&#39;;color:#333333;background:white\">&quot;</span><span style=\";font-family:宋体;color:#333333;background:white\">的千古名句。</span></p><p style=\"text-align:center\"><span style=\"font-size:21px;font-family:&#39;Helvetica&#39;,&#39;sans-serif&#39;;color:red;background:white\">8016452080</span></p><h1><span style=\"font-size:21px;font-family:&#39;Helvetica&#39;,&#39;sans-serif&#39;;color:red;background:white\"><img src=\"http://img.baidu.com/hi/jx2/j_0015.gif\"/><img src=\"http://img.baidu.com/hi/jx2/j_0013.gif\"/><img src=\"http://img.baidu.com/hi/jx2/j_0024.gif\"/>㎏</span></h1><table><tbody><tr class=\"firstRow\"><td style=\"word-break: break-all;\" valign=\"top\" width=\"196\">1<br/></td><td style=\"word-break: break-all;\" valign=\"top\" width=\"196\">2<br/></td><td style=\"word-break: break-all;\" valign=\"top\" width=\"196\">3<br/></td><td style=\"word-break: break-all;\" valign=\"top\" width=\"196\">4<br/></td><td style=\"word-break: break-all;\" valign=\"top\" width=\"196\">5<br/></td><td style=\"word-break: break-all;\" valign=\"top\" width=\"196\">6<br/></td><td style=\"word-break: break-all;\" valign=\"top\" width=\"196\">7<br/></td></tr><tr><td style=\"word-break: break-all;\" valign=\"top\" width=\"196\">8<br/></td><td style=\"word-break: break-all;\" valign=\"top\" width=\"196\">9<br/></td><td style=\"word-break: break-all;\" valign=\"top\" width=\"196\">10<br/></td><td style=\"word-break: break-all;\" valign=\"top\" width=\"196\">11<br/></td><td style=\"word-break: break-all;\" valign=\"top\" width=\"196\">12<br/></td><td style=\"word-break: break-all;\" valign=\"top\" width=\"196\">13<br/></td><td style=\"word-break: break-all;\" valign=\"top\" width=\"196\">14<br/></td></tr><tr><td style=\"word-break: break-all;\" valign=\"top\" width=\"196\">15</td><td style=\"word-break: break-all;\" valign=\"top\" width=\"196\">16<br/></td><td style=\"word-break: break-all;\" valign=\"top\" width=\"196\">17<br/></td><td style=\"word-break: break-all;\" valign=\"top\" width=\"196\">18<br/></td><td style=\"word-break: break-all;\" valign=\"top\" width=\"196\">19<br/></td><td style=\"word-break: break-all;\" valign=\"top\" width=\"196\">20</td><td style=\"word-break: break-all;\" valign=\"top\" width=\"196\">21<br/></td></tr><tr><td style=\"word-break: break-all;\" valign=\"top\" width=\"196\">22<br/></td><td style=\"word-break: break-all;\" valign=\"top\" width=\"196\">23</td><td style=\"word-break: break-all;\" valign=\"top\" width=\"196\">24<br/></td><td style=\"word-break: break-all;\" valign=\"top\" width=\"196\">25<br/></td><td style=\"word-break: break-all;\" valign=\"top\" width=\"196\">26<br/></td><td style=\"word-break: break-all;\" valign=\"top\" width=\"196\">27<br/></td><td style=\"word-break: break-all;\" valign=\"top\" width=\"196\">28<br/></td></tr></tbody></table><h1><span style=\"font-size:21px;font-family:&#39;Helvetica&#39;,&#39;sans-serif&#39;;color:red;background:white\"></span><br/></h1><p style=\"text-align:center\"><strong><span style=\"font-family:宋体;color:dimgray;background:white\">补益气血</span></strong></p><p style=\"text-align: left; text-indent: 2em;\"><span style=\"font-family: 宋体;color:dimgray;background:white\">荔枝最益肝脾精血，因此是最适合</span><span style=\"font-family:&#39;Helvetica&#39;,&#39;sans-serif&#39;;color:dimgray;background:white\">“</span><span style=\"font-family:宋体;color:dimgray;background:white\">精英</span><span style=\"font-family:&#39;Helvetica&#39;,&#39;sans-serif&#39;;color:dimgray;background:white\">”</span><span style=\"font-family:宋体;color:dimgray;background:white\">食用的水果。时下人群大多是饮食不规律的，其脾胃有一定程度的受损，加上思虑太多，劳伤心血，所以常有疲乏、失眠多梦、心慌气短等气血不足的表现。这些人食用荔枝，则能</span><span style=\";font-family:宋体;color:#333333;background:white\">起到补益气血的作</span><span style=\"font-family:宋体;color:dimgray;background:white\">用。</span></p><p style=\"text-align:center\"><span style=\"font-size:21px;font-family:&#39;Helvetica&#39;,&#39;sans-serif&#39;;color:red;background:white\">8016481726</span></p><p style=\"text-align:center\"><strong><span style=\"font-size:20px;font-family:宋体;color:white;background:#FFC005\">女性的</span></strong><strong><span style=\"font-size:20px;font-family:&#39;Helvetica&#39;,&#39;sans-serif&#39;;color:white;background:#FFC005\">“</span></strong><strong><span style=\"font-size:20px;font-family:宋体;color:white;background:#FFC005\">恩物</span></strong><strong><span style=\"font-size:20px;font-family:&#39;Helvetica&#39;,&#39;sans-serif&#39;;color:white;background:#FFC005\">”</span></strong></p><p style=\"text-align:left\"><span style=\"font-family: 宋体;color:dimgray;background:white\">女性有经、带、胎、产的特点，因此相比于男性，更容易有气血问题。四肢不温、月经量少、痛经等症状，都可能是女性血虚肝寒的一种表现。荔枝性温，能散寒止痛，并兼养血，所以对女性气血亏虚有很好的调补作用。</span></p><p style=\"text-align:center\"><span style=\"font-size:21px;font-family:&#39;Helvetica&#39;,&#39;sans-serif&#39;;color:red;background:white\">8016478080</span></p><p style=\"text-align: center;\"><span style=\"font-size:21px;font-family:&#39;Helvetica&#39;,&#39;sans-serif&#39;;color:red;background:white\"><img alt=\"5a78b1e95f3d40aa8296db1500b45b84.jpg\" src=\"http://test-files.huijiayou.cn/cfiles/staticfiles/upload/29ae1/b880fe1a67aa4d56b80d4d4437f2ecf7.jpg\" title=\"b880fe1a67aa4d56b80d4d4437f2ecf7.jpg\"/></span></p><p style=\"text-align:center\"><strong><span style=\"font-size:20px;font-family:宋体;color:white;background:#FFC005\">生津养气的荔枝牛奶粥</span></strong></p><p style=\"text-align:left\"><span style=\"font-family: 宋体;color:dimgray;background:white\">主料：西米</span><span style=\"font-family: &#39;Helvetica&#39;,&#39;sans-serif&#39;;color:dimgray;background:white\">,</span><span style=\"font-family:宋体;color:dimgray;background:white\">牛奶</span><span style=\"font-family:&#39;Helvetica&#39;,&#39;sans-serif&#39;;color:dimgray;background:white\">,</span><span style=\"font-family:宋体;color:dimgray;background:white\">荔枝。</span></p><p style=\"text-align:left\"><span style=\"font-family: 宋体;color:dimgray;background:white\">制作方法：①把西米放进清水里洗浸干净。</span></p><p style=\"margin-left:84px;text-align:left\"><span style=\"font-family:&#39;Helvetica&#39;,&#39;sans-serif&#39;;color:dimgray;background:white\">&nbsp;&nbsp;&nbsp; &nbsp;&nbsp;&nbsp;&nbsp;&nbsp;&nbsp;</span><span style=\"font-family:宋体;color:dimgray;background:white\">②把一锅水煮沸，把西米放进煮沸的水里。（注意：要一边煮一边用勺子搅拌，否则西米会粘锅底）</span></p><p style=\"text-align:left\"><span style=\"font-family:&#39;Helvetica&#39;,&#39;sans-serif&#39;;color:dimgray;background:white\">&nbsp;&nbsp;&nbsp; &nbsp;&nbsp;&nbsp;&nbsp;&nbsp;&nbsp;</span><span style=\"font-family:宋体;color:dimgray;background:white\">③煮到西米半透明，然后把西米和热水隔开。</span></p><p style=\"text-align:left\"><span style=\"font-family:&#39;Helvetica&#39;,&#39;sans-serif&#39;;color:dimgray;background:white\">&nbsp;&nbsp; &nbsp;&nbsp;&nbsp;&nbsp;&nbsp;&nbsp;&nbsp;</span><span style=\"font-family:宋体;color:dimgray;background:white\">④再煮一锅沸水，把刚才煮到半透明隔好水的西米再放到沸水里煮。</span></p><p style=\"text-align:left\"><span style=\"font-family:&#39;Helvetica&#39;,&#39;sans-serif&#39;;color:dimgray;background:white\">&nbsp;&nbsp; &nbsp;&nbsp;&nbsp;&nbsp;&nbsp;&nbsp;&nbsp;</span><span style=\"font-family:宋体;color:dimgray;background:white\">⑤一直煮到全部透明，把沸水都到去。</span></p><p style=\"margin-left:84px;text-align:left\"><span style=\"font-family:&#39;Helvetica&#39;,&#39;sans-serif&#39;;color:dimgray;background:white\">&nbsp;&nbsp; &nbsp;&nbsp;&nbsp;&nbsp;&nbsp;&nbsp;&nbsp;</span><span style=\"font-family:宋体;color:dimgray;background:white\">⑥煮一小锅牛奶，放少许糖。（建议：用椰汁代替牛奶，椰汁会更加香，若不喜欢椰汁，牛奶也可以。）</span></p><p style=\"text-align:left\"><span style=\"font-family:&#39;Helvetica&#39;,&#39;sans-serif&#39;;color:dimgray;background:white\">&nbsp;&nbsp; &nbsp;&nbsp;&nbsp;&nbsp;&nbsp;&nbsp;&nbsp;</span><span style=\"font-family:宋体;color:dimgray;background:white\">⑦把牛奶倒进西米里一起煮，不用煮太久。<img alt=\"4(228).jpg\" src=\"http://test-files.huijiayou.cn/cfiles/staticfiles/upload/29ae1/189f935fd9724a79a9fb36a477fb4abc.jpg\" title=\"189f935fd9724a79a9fb36a477fb4abc.jpg\"/></span></p><p style=\"text-align:left\"><span style=\"font-family:&#39;Helvetica&#39;,&#39;sans-serif&#39;;color:dimgray;background:white\">&nbsp; &nbsp;&nbsp;&nbsp;&nbsp;&nbsp;&nbsp;&nbsp;&nbsp;</span><span style=\"font-family:宋体;color:dimgray;background:white\">⑧把煮好的西米牛奶放进冰箱，直到冰冻。</span></p><p style=\"text-align:left\"><span style=\"font-family:&#39;Helvetica&#39;,&#39;sans-serif&#39;;color:dimgray;background:white\">&nbsp;&nbsp; &nbsp;&nbsp;&nbsp;&nbsp;&nbsp;&nbsp;&nbsp;</span><span style=\"font-family:宋体;color:dimgray;background:white\">⑨把剥好皮的荔枝放到西米露里，最后就完成了。</span></p><p style=\"text-align:center\"><span style=\"font-size:21px;font-family:&#39;Helvetica&#39;,&#39;sans-serif&#39;;color:red;background:white\">8016454905</span></p><p><span style=\"font-size:21px;font-family:&#39;Helvetica&#39;,&#39;sans-serif&#39;;color:red;background:white\"><img alt=\"3d4c5a1e94424b5cae8f1e7bea901d42.jpg\" src=\"http://test-files.huijiayou.cn/cfiles/staticfiles/upload/29ae1/4e8dc648c55a4be5bb9dae84a2db0b25.jpg\" title=\"4e8dc648c55a4be5bb9dae84a2db0b25.jpg\"/></span></p><p style=\"text-align:left\"><span style=\"font-size: 21px;font-family:宋体;color:dimgray;background:white\">温馨提示：</span></p><p style=\";margin-bottom:0;text-align:justify;text-justify: inter-ideograph;line-height:26px;background:white\"><span style=\"font-size:14px;font-family:&#39;Helvetica&#39;,&#39;sans-serif&#39;;color:dimgray;background:white\">1</span><span style=\"font-size:14px;color:dimgray;background:white\">、荔枝对脾胃虚寒引起的腹泻也有一定的辅助作用，尤其是对那些腹泻时间较长、遇冷就会诱发腹泻，且伴有口淡、胃口差的人来说，效果更佳。</span><span style=\"font-size:14px;font-family:&#39;Helvetica&#39;,&#39;sans-serif&#39;;color:dimgray;background:white\"><br/> 2</span><span style=\"font-size:14px;color:dimgray;background:white\">、虚寒体质的人，精力偏弱、容易疲劳、食欲不振、小便清长、大便多不成型（严重者大便呈水样）、冬天或较凉的环境下会出现四肢冰凉等情况，适合多吃荔枝。</span></p><p style=\";margin-bottom:0;text-align:justify;text-justify: inter-ideograph;line-height:26px;background:white\"><span style=\"font-size:14px;font-family:&#39;Helvetica&#39;,&#39;sans-serif&#39;;color:dimgray;background:white\">3</span><span style=\"font-size:14px;color:dimgray;background:white\">、容易上火的人，最好还是不要多吃荔枝。否则，容易出现牙龈肿痛、口舌生疮等情况。如果实在嘴馋想尝鲜，也可以用淡盐水浸泡荔枝后少量进食。</span></p><p style=\";margin-bottom:0;text-align:justify;text-justify: inter-ideograph;line-height:26px;background:white\"><span style=\"font-size:14px;font-family:&#39;Helvetica&#39;,&#39;sans-serif&#39;;color:dimgray;background:white\">4</span><span style=\"font-size:14px;color:dimgray;background:white\">、荔枝含有大量糖分，对血糖影响比较大，糖尿病患者少吃为宜。</span></p><p><br/></p>','[{\"productCode\":\"7016100348\",\"productName\":\"喷雾防晒\",\"productImg\":\"http://cfiles.beta.huijiayou.cn/cfiles/staticfiles/upload/29a84/c179939cfd65423793bd4c5c4da94d86.jpg\",\"productPrice\":\"269.00\"},{\"productCode\":\"132131\",\"productName\":\"标签测试_斯尔沃光面百福银手镯1222\",\"productImg\":\"http://cfiles.beta.huijiayou.cn/cfiles/staticfiles/imzoom/2748a/39c69f37620c4197921964ce26bc839c.jpg\",\"productPrice\":\"1.00\"},{\"productCode\":\"7016100342\",\"productName\":\"日本·碧柔 清爽倍护防晒乳液\",\"productImg\":\"http://cfiles.beta.huijiayou.cn/cfiles/staticfiles/upload/29a7b/8694ea2ab0f54a1aa71ffd38b190ec2b.jpg\",\"productPrice\":\"168.00\"}]','2017-07-21 14:53:29','2017-07-25 11:37:51','03','02','2','http://www.baidu.com?frd=yes'),(28,'','','','媒体站',2,'媒体站',2,'04','','2017-07-21 15:02:42',1,0,0,0,'02','','','[]','2017-07-21 15:02:42','2017-07-21 17:07:13','03','01','',''),(30,'脾胃弱，宜用通心莲子','http://test-files.huijiayou.cn/cfiles/staticfiles/upload/29ae1/fc1c3384db5b4c52adcd6eac6ffcbc1b.jpg','测试','媒体站',2,'媒体站',2,'01','媒体站','2017-07-27 11:32:22',1,0,0,0,'02','','<p style=\"text-align:center\"><span style=\"font-size:21px;font-family:宋体\">脾胃弱，宜用通心莲子</span><span style=\"font-size:21px\"> </span></p><p style=\";margin-bottom:0;text-align:justify;text-justify: inter-ideograph;line-height:26px;background:white\"><span style=\";color:#3E3E3E\">通心莲子，也叫穿心莲子，就是商家通过机器把莲心去除掉了。</span></p><p style=\";margin-bottom:0;text-align:justify;text-justify: inter-ideograph;line-height:26px;background:white\"><span style=\";color:#3E3E3E\">莲子的苦味就是来自于莲心，它是莲子中央的清嫩胚芽，呈绿色。中医认为，莲心有清心火、平肝火、止血的功效，可固精，主治烦躁不眠、眩晕止赤、吐血、遗精等症，可治疗口舌生疮，并有助于睡眠。</span><span style=\"font-family:&#39;Helvetica&#39;,&#39;sans-serif&#39;;color:#3E3E3E\">&nbsp;</span></p><p style=\";margin-bottom:0;text-align:center;line-height:26px;background:white\"><span style=\"font-size:21px;font-family:&#39;Helvetica&#39;,&#39;sans-serif&#39;;color:red\">8016481723</span></p><p style=\"text-align:center\"><span style=\"font-size:21px;font-family:宋体\">该使用哪种莲子？</span></p><p style=\";margin-bottom:0;line-height:26px\"><span style=\"font-family:&#39;Helvetica&#39;,&#39;sans-serif&#39;;color:#3E3E3E\">1</span><span style=\";color:#3E3E3E\">、中老年人，尤其是脾胃不太好的朋友，建议用去心的莲子煲汤、煲粥。</span></p><p style=\";margin-bottom:0;line-height:26px\"><span style=\"font-family:&#39;Helvetica&#39;,&#39;sans-serif&#39;;color:#3E3E3E\">2</span><span style=\";color:#3E3E3E\">、若心烦梦多而失眠者，则单独用莲心加盐少许，水煎，每晚睡前服。</span></p><p style=\";margin-bottom:0;line-height:26px\"><span style=\"font-family:&#39;Helvetica&#39;,&#39;sans-serif&#39;;color:#3E3E3E\">3</span><span style=\";color:#3E3E3E\">、因莲心功效较强，一般建议成年男性或口腔溃疡等上火严重者食用。</span></p><p style=\";margin-bottom:0;line-height:26px\"><span style=\"font-family:&#39;Helvetica&#39;,&#39;sans-serif&#39;;color:#3E3E3E\">4</span><span style=\";color:#3E3E3E\">、而小孩、女性朋友、老人最好把莲子肉连着一起食用，因莲子肉有健脾效果，能缓冲莲心的清热寒凉对身体的伤害。</span></p><p style=\";margin-bottom:0;line-height:26px\"><span style=\";color:#3E3E3E\">给大家介绍一款关于莲子的小食谱：</span></p><p style=\";margin-bottom:0;text-align:center;line-height:26px\"><span style=\"font-size:21px;font-family:&#39;Helvetica&#39;,&#39;sans-serif&#39;;color:red\">151611</span></p><p style=\"text-align:center\"><strong><span style=\"font-size:21px;font-family:宋体;color:#5E5E5E;background:white\">莲子糖水</span></strong></p><p style=\";margin-bottom:0;text-align:justify;text-justify: inter-ideograph;line-height:29px;background:white\"><span style=\";color:white;background:#FF6827\">食材</span><span style=\";color:#5E5E5E\">：</span><span style=\";color:#3E3E3E\">莲子干</span><span style=\"font-family:&#39;Helvetica&#39;,&#39;sans-serif&#39;;color:#3E3E3E\">50</span><span style=\";color:#3E3E3E\">克、冰糖</span><span style=\"font-family:&#39;Helvetica&#39;,&#39;sans-serif&#39;;color:#3E3E3E\">10</span><span style=\";color:#3E3E3E\">克</span><span style=\"font-family:&#39;Helvetica&#39;,&#39;sans-serif&#39;;color:#3E3E3E\">&nbsp;</span><span style=\"font-family:&#39;Helvetica&#39;,&#39;sans-serif&#39;;color:#5E5E5E\"><br/> </span><span style=\";color:white;background:#FF6827\">烹饪技巧</span><span style=\";color:#5E5E5E\">：</span><span style=\"font-family:&#39;Helvetica&#39;,&#39;sans-serif&#39;;color:#5E5E5E\">&nbsp;<br/> </span><span style=\"font-family:&#39;Helvetica&#39;,&#39;sans-serif&#39;;color:#3E3E3E\">1.</span><span style=\";color:#3E3E3E\">将全部的莲子干放入水中洗净，再泡入冷水中约</span><span style=\"font-family:&#39;Helvetica&#39;,&#39;sans-serif&#39;;color:#3E3E3E\">1</span><span style=\";color:#3E3E3E\">小时至微软；</span></p><p style=\";margin-bottom:0;text-align:justify;text-justify: inter-ideograph;line-height:29px;background:white\"><span style=\"font-family:&#39;Helvetica&#39;,&#39;sans-serif&#39;;color:#3E3E3E\">2.</span><span style=\";color:#3E3E3E\">取一煲汤锅，放入沥干泡过的莲子，再加水；</span><span style=\"font-family:&#39;Helvetica&#39;,&#39;sans-serif&#39;;color:#3E3E3E\">&nbsp;</span></p><p style=\";margin-bottom:0;text-align:justify;text-justify: inter-ideograph;line-height:29px;background:white\"><span style=\"font-family:&#39;Helvetica&#39;,&#39;sans-serif&#39;;color:#3E3E3E\">3.</span><span style=\";color:#3E3E3E\">放入冰糖，再放至电锅内，外锅加</span><span style=\"font-family:&#39;Helvetica&#39;,&#39;sans-serif&#39;;color:#3E3E3E\">4</span><span style=\";color:#3E3E3E\">杯水，隔水煮约</span><span style=\"font-family:&#39;Helvetica&#39;,&#39;sans-serif&#39;;color:#3E3E3E\">2</span><span style=\";color:#3E3E3E\">小时即可。</span></p><p style=\";margin-bottom:0;text-align:center;line-height:29px;background:white\"><span style=\"font-size:21px;font-family:&#39;Helvetica&#39;,&#39;sans-serif&#39;;color:red\">7016105364</span></p><p style=\"text-align:left\"><span style=\"font-size: 16px;font-family:宋体;color:#3E3E3E\">烹饪技巧：有些人用莲子煲汤、煲粥喜欢去掉莲子皮，这样口感更好。除了购买去皮的成品外，还可在家动手去皮——将莲子洗干净，放入刚烧开的开水中，并加入适量的食用碱，稍焖几分钟后将莲子倒出来，用手用力揉搓，这样莲子皮就会很快脱落，接下来就可以做一款美味的饮品了。</span></p><p style=\"text-align:center\"><span style=\"font-size:21px;font-family:&#39;Helvetica&#39;,&#39;sans-serif&#39;;color:red\">8016475711</span></p><p><br/></p>','[]','2017-07-21 15:04:47','2017-07-28 11:36:52','02','01','',''),(31,'','','','媒体站',2,'媒体站',2,'04','','2017-07-21 15:05:29',1,0,0,0,'02','','','[]','2017-07-21 15:05:29','2017-07-21 17:07:09','03','01','',''),(40,'BUG #18166','http://test-files.huijiayou.cn/cfiles/staticfiles/upload/29ae1/6af3d3dbd6d342a5abab1d3b067a5b17.jpg','adsf','媒体站',2,'媒体站',2,'03','','2017-07-21 16:57:47',1,0,0,0,'02','','<p style=\"line-height: 2em; text-indent: 2em;\"><span style=\"line-height: 1.6; font-size: 16px;\">《罗辑思维》是我特别喜欢的一档节目，罗胖的很多观点都让我耳目一新，一直感觉这胖子很有才，现在罗胖连续办了两届跨年演讲，影响力真不是盖的。<br/></span></p><p style=\"margin-bottom: 5px; margin-top: 5px; line-height: 2em; text-align: left; text-indent: 2em;\"><span style=\"font-size: 16px; border: 1px solid rgb(0, 0, 0); color: rgb(255, 0, 0); background-color: rgb(255, 255, 0); text-decoration: line-through;\">罗胖的大部分观点我都是认同的，有时甚至是迷信的，但有一期节目题目是《为什么看好中国经济》，罗胖列举了看好中国经济的很多理由，他列举的这些理由我都是认同的，但我觉得这<img src=\"http://img.baidu.com/hi/jx2/j_0002.gif\"/>些理由都绕不过一个大坑，这就是中国的老龄化问题，未来中国如果不能很好的解决老龄化的问题，经济发展可能就是妄谈。14:29:292017-07-25℃</span></p><p style=\"line-height: 2em; text-indent: 2em;\"><span style=\"font-size: 16px;\">大家都说过去的20年是日本失去的20年，很大原因归结于广场协定后经济泡沫的破灭，但根本原因可能是日本人口的重度老龄化。日本有世界倒数的人口出生率，以及几乎世界第一的平均人口寿命，所以日本的老龄化也是世界最严重的。严重的老龄化让日本年轻人背上了沉重的养老负担，日本自杀率一直居高不下，年轻人不堪重负，导致整个国家的创造力和竞争力急剧下降，所以日本才有失去的20年。</span></p><ol style=\"list-style-type: decimal;\" class=\" list-paddingleft-2\"><li><p style=\"line-height: 2em; text-indent: 2em;\"><span style=\"font-size: 16px;\">说完日本，再来看中国的老龄化问题，目前中国的老龄化还远没有达到日本的水平，但问题却远比日本严重。</span></p></li></ol><ul style=\"list-style-type: disc;\" class=\" list-paddingleft-2\"><li><p style=\"line-height: 2em; text-indent: 2em;\"><span style=\"font-size: 16px;\"><strong>老龄人口世界第一</strong></span></p></li></ul><ol style=\"list-style-type: decimal;\" class=\" list-paddingleft-2\"><li><p style=\"line-height: 2em; text-indent: 2em;\"><span style=\"font-size: 16px;\">这没什么好说的，从小就知道中国人口世界第一，所以中国的老龄人口也是世界第一，甚至超过了大部分国家的总人口，中国目前还只是第二大经济体，各方面远远落后于发达国家，但养老负担已经世界第一了。</span></p></li></ol><p style=\"line-height: 2em; text-indent: 2em;\"><span style=\"font-size: 16px;\"><strong>计划生育带来的快速老龄化</strong></span></p><p style=\"text-indent: 2em;\"><img src=\"http://test-files.huijiayou.cn/cfiles/staticfiles/upload/29ae5/2ce64cc721054aa7b67cb44aac8237ae.gif\" title=\"2ce64cc721054aa7b67cb44aac8237ae.gif\" alt=\"0.gif\"/></p><p><br/></p>','[]','2017-07-21 16:57:47','2017-07-25 14:42:08','03','02','安顺达公司公司大股东郭德纲','www.baidu.com -t'),(45,'23','http://test-files.huijiayou.cn/cfiles/staticfiles/upload/29ae4/f167e39567d44ef8ba01ca4e0f18e9a5.jpg','22','媒体站',2,'媒体站',2,'02','媒体站','2017-07-26 14:54:11',1,0,0,0,'02','','<h2 style=\"text-align: center;\">炒菜时这坏习惯要改掉，会致癌</h2><p style=\"text-indent: 2em;\">随着胃癌、大肠癌、乳癌等癌症的高发，研究发现导致发病率逐年上升的其中一个重要原因，就是现代人的饮食习惯。很多人炒菜都会犯下面这些错误，导致致癌几率增加。</p><h2>炒完菜不刷锅接着用</h2><p style=\"text-indent: 2em;\">很多人在炒菜的过程中，都有这样的经历：刚炒过鸡蛋，锅里还有一些底油，没事，接着再放点接着炒其他的菜，这样既省煤气也省油。刚炒过青菜，没啥油，锅也是干净的，那就继续用！</p><p style=\"text-align: center;\"><span style=\"color: rgb(255, 0, 0);\"><strong>8016457975</strong></span></p><p style=\"text-indent: 2em;\" dir=\"ltr\">看似干净的锅表面，会附着油脂和食物残渣。当再次高温加热时，可能产生苯并芘等致癌物。而且在不刷锅再接着炒菜的时候，你会发现原本在锅里残余的菜很容易烧焦，这也存在一定的致癌隐患。</p><h2>食用油反复使用</h2><p style=\"text-indent: 2em;\">很多人不舍得倒掉油炸过的油，还会用来继续炒菜或油炸，其实这种做法非常不可取。多次重复使用的油，油里面会有残留致癌物，主要是苯并芘的成分，还有些醛类、杂环化合物等。因此，食物油最好只用一次，在控制好油温情况下，最多2-3次。</p><p style=\"text-align: center; text-indent: 2em;\"><strong><span style=\"color: rgb(255, 0, 0);\">8016469447</span></strong></p><p style=\"text-indent: 2em;\">除了以上这些错误的习惯，大家也要注意下面这些食物的摄取量，如果食用不当也会造成严重后果。</p><h3 style=\"text-indent: 2em;\">1、<span class=\"Apple-tab-span\" style=\"white-space:pre\">	</span>腌制类食品</h3><p style=\"text-indent: 2em;\">腌制类食品一直伴随在各家各户的餐桌上，但是这类食物中含有大量的亚硝酸盐，在体内可以转化为致癌物质亚硝酸胺。而亚硝酸铵就是一种致癌物质，因此应尽量少吃。</p><p style=\"text-indent: 2em;\">8016448981</p><h3 style=\"text-indent: 2em;\">2、<span class=\"Apple-tab-span\" style=\"white-space:pre\">	</span>烧烤类食品</h3><p style=\"text-indent: 2em;\">最近流行一句话：没有什么是撸一顿烤串解决不了的，如果有就撸两顿！无论是北方和南方，人们都喜欢吃烧烤类的食物。经过烧烤的肉类吃起来更加的鲜嫩，所以烧烤也就成为人们喜爱的食物。但是这类食物绝对不可多吃，因为一旦食物烤焦了，就会产生大量的致癌物质。</p><h3 style=\"text-indent: 2em;\">3、<span class=\"Apple-tab-span\" style=\"white-space:pre\">	</span>油炸类食品</h3><p style=\"text-indent: 2em;\">人们的味觉喜欢香的食物，而油炸类的食物就会非常的香。因此，很多人喜欢吃油炸类食物，尤其是小孩子。但是油炸食品含有致癌的成分，因为食品煎炸过焦后，会产生致癌物质多环芳烃。所以，油炸类的食物是不可多吃的。</p><h3 style=\"text-indent: 2em;\">4、<span class=\"Apple-tab-span\" style=\"white-space:pre\">	</span>霉变类食品</h3><p style=\"text-indent: 2em;\">五谷杂粮很容易发生霉变。如果在潮湿阴冷的地方放置过久，就不要再食用了。千万不要因为扔掉可惜，就食用已经霉变的食物。其中最容易霉变的食品有：米、麦、豆、玉米、花生等。这些食物一旦发生霉变，就会产生一种强致癌物黄曲霉素。</p><p>7016108434</p><p><br/></p>','[{\"productCode\":\"131087\",\"productName\":\"六周年版会员明信片\",\"productImg\":\"\",\"productPrice\":\"690.00\"}]','2017-07-24 10:26:48','2017-07-26 14:54:10','02','02','2',''),(48,'再别康桥2再别康桥2再别康桥','http://test-files.huijiayou.cn/cfiles/staticfiles/upload/29ae5/8a6938251cab4a9892e487645210465d.jpg','惠家有','媒体站',2,'媒体站',2,'02','媒体站','2017-07-24 14:33:54',1,0,0,0,'02','','<p><a _src=\"http://172.18.19.119:8080/media-web/jsp/home.jsp\" href=\"http://172.18.19.119:8080/media-web/jsp/home.jsp\"><img alt=\"3d4c5a1e94424b5cae8f1e7bea901d42.jpg\" src=\"http://test-files.huijiayou.cn/cfiles/staticfiles/upload/29ae4/9864351e16444ede83b6dfb3556f8fb2.jpg\" title=\"9864351e16444ede83b6dfb3556f8fb2.jpg\"/>http://172.18.19.119:8080/media-web/jsp/home.jsp</a><br/></p><p>12242135而且问题<img src=\"http://img.baidu.com/hi/jx2/j_0072.gif\"/><img src=\"http://img.baidu.com/hi/jx2/j_0071.gif\"/><img src=\"http://img.baidu.com/hi/jx2/j_0073.gif\"/><img src=\"http://img.baidu.com/hi/jx2/j_0074.gif\"/><img src=\"http://img.baidu.com/hi/jx2/j_0075.gif\"/> </p>','[{\"productCode\":\"8016408750\",\"productName\":\"梦幻西游哈哈哈\",\"productImg\":\"http://cfiles.beta.huijiayou.cn/cfiles/staticfiles/upload/29ad6/ec2b795a12484be5b7a2f55dc7b32ab6.jpg\",\"productPrice\":\"199.00\"}]','2017-07-24 14:33:54','2017-07-25 11:36:01','02','02','撒的发','https://baike.baidu.com/item/%E6%B5%8B%E8%AF%95/112688?fr=aladdin'),(49,'再别康桥','http://test-files.huijiayou.cn/cfiles/staticfiles/upload/29ae5/8b0c395b65c649668a67bb00555758a1.jpg','惠家有','媒体站',2,'媒体站',2,'02','媒体站','2017-07-25 14:09:10',18,0,0,0,'02','','<h1 style=\"background: rgb(252, 252, 252); border: 0px; margin: 0px 0px 20px 100px; padding: 0px; font-family: &quot;Century Schoolbook&quot;, Arial, Helvetica, sans-serif; font-weight: normal; font-size: 32px; color: rgb(102, 102, 102); white-space: normal;\">再别康桥</h1><h3 style=\"background: rgb(252, 252, 252); border: 0px; margin: 10px 0px 0px 200px; padding: 0px; font-family: &quot;Century Schoolbook&quot;, Arial, Helvetica, sans-serif; font-weight: normal; font-size: 18px; color: rgb(102, 102, 102); white-space: normal;\">轻轻的我走了，<br/>正如我轻轻的来；<br/>我轻轻的招手，<br/>作别西天的云彩。<br/>----<br/>那河畔的金柳，<br/>是夕阳中的新娘；<br/>波光里的艳影，<br/>在我的心头荡漾。<br/>----<br/>软泥上的青荇，<br/>油油的在水底招摇；<br/>在康河的柔波里，<br/>我甘心做一条水草！<br/>----<br/>那榆荫下的一潭，<br/>不是清泉，是天上虹；<br/>揉碎在浮藻间，<br/>沉淀着彩虹似的梦。<br/>----<br/>寻梦？撑一支长篙，<br/>向青草更青处漫溯；<br/>满载一船星辉，<br/>在星辉斑斓里放歌。<br/>----<br/>但我不能放歌，<br/>悄悄是别离的笙箫；<br/>夏虫也为我沉默，<br/>沉默是今晚的康桥！<br/>----<br/>悄悄的我走了，<br/>正如我悄悄的来；<br/>我挥一挥衣袖，<br/>不带走一片云彩。</h3><p><br/></p>','[{\"productCode\":\"7016100348\",\"productName\":\"喷雾防晒\",\"productImg\":\"http://cfiles.beta.huijiayou.cn/cfiles/staticfiles/upload/29a84/c179939cfd65423793bd4c5c4da94d86.jpg\",\"productPrice\":\"269.00\"},{\"productCode\":\"6016100199\",\"productName\":\"sdf\",\"productImg\":\"http://cfiles.beta.huijiayou.cn/cfiles/staticfiles/upload/29946/70a83f0df78a49fdb68b7fbe571c6299.jpg\",\"productPrice\":\"80.00\"},{\"productCode\":\"8016408750\",\"productName\":\"梦幻西游哈哈哈\",\"productImg\":\"http://cfiles.beta.huijiayou.cn/cfiles/staticfiles/upload/29ad6/ec2b795a12484be5b7a2f55dc7b32ab6.jpg\",\"productPrice\":\"199.00\"},{\"productCode\":\"7016100342\",\"productName\":\"日本·碧柔 清爽倍护防晒乳液\",\"productImg\":\"http://cfiles.beta.huijiayou.cn/cfiles/staticfiles/upload/29a7b/8694ea2ab0f54a1aa71ffd38b190ec2b.jpg\",\"productPrice\":\"168.00\"},{\"productCode\":\"8016408750\",\"productName\":\"梦幻西游哈哈哈\",\"productImg\":\"http://cfiles.beta.huijiayou.cn/cfiles/staticfiles/upload/29ad6/ec2b795a12484be5b7a2f55dc7b32ab6.jpg\",\"productPrice\":\"199.00\"}]','2017-07-24 14:35:22','2017-07-25 14:09:09','02','01','','222'),(50,'夏日里，小心这些蔬菜会伤你的皮肤！夏日里','http://test-files.huijiayou.cn/cfiles/staticfiles/upload/29ae5/60e5172323e94bc7af54e467abab2f8a.jpg','爱情海','媒体站',2,'媒体站',2,'02','媒体站','2017-07-26 18:07:49',22,0,0,0,'02','','<p style=\"text-align:center\"><span style=\"font-size:24px;font-family:宋体\">夏日里，小心这些蔬菜会伤你的皮肤！</span></p><p style=\"text-align:left\"><span style=\"font-size: 16px;font-family:宋体\">夏日炎炎，有些蔬菜在强烈阳光的作用下，会让皮肤遭罪。生活中，有些人是因为吃了某种蔬菜，就引起了较严重的植物日光性皮炎。</span></p><p style=\"text-align:center\"><span style=\"font-size:21px;color:red\">8016477903</span></p><p style=\"text-align:center\"><span style=\"font-size:16px;font-family:宋体\">植物</span><span style=\"font-size:16px\">-</span><span style=\"font-size:16px;font-family:宋体\">日光性皮炎的三个伙伴</span></p><p style=\"text-align:left\"><span style=\"font-size: 16px;font-family:宋体\">日光性皮炎是一种急性光毒性反应，好发于</span><span style=\"font-size:16px\">7</span><span style=\"font-size:16px;font-family:宋体\">、</span><span style=\"font-size:16px\">8</span><span style=\"font-size:16px;font-family: 宋体\">月份，太阳比较毒的时候。</span></p><p style=\"text-align:left\"><span style=\"font-size: 16px;font-family:宋体\">日光性皮炎发生常要三者同时作用</span></p><p class=\"MsoListParagraph\" style=\"margin-left:24px;text-align:left\"><span style=\"font-size:16px\">1、</span><span style=\"font-size:16px;font-family:宋体\">个人体质，皮肤对光过敏，常出现日光性皮炎等</span></p><p class=\"MsoListParagraph\" style=\"margin-left:24px;text-align:left\"><span style=\"font-size:16px\">2、</span><span style=\"font-size:16px;font-family:宋体\">食用或接触光敏性植物</span></p><p class=\"MsoListParagraph\" style=\"margin-left:24px;text-align:left\"><span style=\"font-size:16px\">3、</span><span style=\"font-size:16px;font-family:宋体\">日晒</span></p><p class=\"MsoListParagraph\" style=\"margin-left:24px;text-align: center;text-indent:0\"><span style=\"font-size:21px;color:red\">6016101985</span></p><p class=\"MsoListParagraph\" style=\"margin-left:24px;text-align: center;text-indent:0\"><span style=\"font-size:16px;font-family:宋体\">皮肤遭罪的不适症状</span></p><p style=\"text-align:left\"><span style=\"font-size: 16px;font-family:宋体\">暴露在阳光下的皮肤，最开始会发痒，还会感到灼热、麻木、皮肤紧绷感，比较严重的会出现发亮的水泡，还可能遗留色素沉着。</span></p><p style=\"text-align:center\"><span style=\"font-size:21px;color:red\">7016104401</span></p><p style=\"text-align:center\"><span style=\"font-size:16px;font-family:宋体\">会伤皮肤的蔬菜有这些</span></p><p style=\"text-align:left\"><span style=\"font-size: 16px;font-family:宋体\">生活中常见的可致植物日光性皮炎的植物有灰菜、菠菜、芹菜、茴香、香菜、油菜、苋菜、紫云英、马齿苋等</span></p><p style=\"text-align:left\"><span style=\"font-size: 16px;font-family:宋体\">这些植物中含有光敏物质腐男香豆素，在阳光照射下会让皮肤表皮受伤。</span></p><p style=\"text-align:center\"><span style=\"font-size:21px;color:red\">8016475473</span></p><p style=\"text-align:center\"><span style=\"font-size:16px;font-family:宋体\">皮肤对光敏感的人该怎么防范？</span></p><p><span style=\"font-size:16px\">1</span><span style=\"font-size:16px;font-family:宋体\">、对于这样的特殊体质人群，避免食用和接触易致光敏性的植物。</span></p><p><span style=\"font-size:16px\">2</span><span style=\"font-size:16px;font-family:宋体\">、可补充富含维生素</span><span style=\"font-size:16px\">B</span><span style=\"font-size:16px;font-family:宋体\">的食物，有助于减少紫外线对身体的伤害。</span></p><p><span style=\"font-size:16px\">3</span><span style=\"font-size:16px;font-family:宋体\">、若食用了此类蔬菜，一定要避免日光暴晒，尤其是上午</span><span style=\"font-size:16px\">10</span><span style=\"font-size:16px;font-family:宋体\">点</span><span style=\"font-size:16px\">-</span><span style=\"font-size:16px;font-family: 宋体\">下午</span><span style=\"font-size: 16px\">3</span><span style=\"font-size:16px;font-family:宋体\">点，阳光强烈，尽量不要出门，如需出门时要注意防晒。</span></p><p><br/></p>','[{\"productCode\":\"8016408750\",\"productName\":\"梦幻西游哈哈哈\",\"productImg\":\"http://cfiles.beta.huijiayou.cn/cfiles/staticfiles/upload/29ad6/ec2b795a12484be5b7a2f55dc7b32ab6.jpg\",\"productPrice\":\"199.00\"},{\"productCode\":\"6016100245\",\"productName\":\"【BS】2017新款女装中长款蕾丝网纱裙碎花雪纺连衣裙 7S2083\",\"productImg\":\"http://cfiles.beta.huijiayou.cn/cfiles/staticfiles/upload/29a7b/993300b5d9584d5ca9310b37882aadce.jpg\",\"productPrice\":\"489.00\"},{\"productCode\":\"115178\",\"productName\":\"诺天温润满绿东陵玉手镯套组\",\"productImg\":\"http://cfiles.beta.huijiayou.cn/cfiles/staticfiles/imzoom/27498/91ad925f1dc14bbe8a9b71d417dee15d.jpg\",\"productPrice\":\"599.00\"},{\"productCode\":\"6016100244\",\"productName\":\"牛仔裤男2017新品男士直筒休闲宽松男裤子休闲加肥加大码牛仔长裤潮四季款 \",\"productImg\":\"http://cfiles.beta.huijiayou.cn/cfiles/staticfiles/upload/29a7b/36062ad4f97b4ecfb2503efdcfa2aa25.jpg\",\"productPrice\":\"228.00\"}]','2017-07-24 14:57:54','2017-07-26 18:07:48','02','01','','https://mp.weixin.qq.com/s?__biz=MzAwOTI0MTUwNg==&mid=2650282389&idx=1&sn=624f09c0a4afd98487758c0e69dd7a05&chksm=836e2f58b419a64effb0fc4e5d42fe5bec850a742895062bde6444bd4ae591815fdaf0a724de&scene=0#rd'),(51,'撒的发','','撒的发','媒体站',2,'媒体站',2,'01','','2017-07-24 16:07:02',1,0,0,0,'02','','<ol class=\" list-paddingleft-2\" style=\"list-style-type: decimal;\"><li><p style=\"text-align: right;\">撒大哥儿童歌啊啊施工队到公司啊<sup>2x</sup>稍等3<sub>2</sub>速度发顺丰</p></li></ol>','[]','2017-07-24 16:07:02','2017-07-24 16:32:28','03','02','撒的发',''),(52,'炎炎夏日上班犯困','http://test-files.huijiayou.cn/cfiles/staticfiles/upload/29ae5/d8fab3940edc4d75942e77c7f88a2fbc.jpg','今日头条','媒体站',2,'媒体站',2,'02','媒体站','2017-07-26 10:37:44',1,0,0,0,'02','','<p style=\"text-align:center\"><strong><span style=\"font-size:21px;font-family:宋体;color:black\">炎炎夏日上班犯困，四肢乏力你可能是得了</span></strong><strong><span style=\"font-size:21px;color:black\">.....</span></strong></p><p style=\"text-align:left;text-indent:31px\"><span style=\"font-size:15px;font-family:宋体;color:#655B5B;background:white\">一到夏天，尤其是比较炎热的时候，不知道大家有没有乏力，犯困，头晕，鼻塞或者打喷嚏等症状。炎热的夏天，上班经常犯困，坐久了还会乏力，伴有头晕现象，感觉整天都无精打采的。还以为是湿气比较严重，后来看了不少文章才知道原来这竟是空调病！！！</span></p><p style=\"text-align:left;text-indent:35px\"><span style=\"font-size:15px;font-family:宋体;color:#655B5B;letter-spacing:1px;background:white\">关于空调病，也许很多人都比较陌生，但是它却在不知不觉中影响着你的健康，今天很有必要跟大家唠唠关于空调病的问题，给大家普及下空调病到底是怎么回事，有什么症状，如何治疗等。</span></p><p style=\"text-align:center;text-indent:47px\"><span style=\"font-size:21px;font-family: &#39;Helvetica&#39;,&#39;sans-serif&#39;;color:red;letter-spacing:1px;background:white\">7016103364</span></p><p style=\"text-indent: 0em;\"><span style=\"font-size:21px;font-family: &#39;Helvetica&#39;,&#39;sans-serif&#39;;color:red;letter-spacing:1px;background:white\"><img alt=\"c063b3fb8a7d47ffa5ae5e41418cdd4e.jpg\" src=\"http://test-files.huijiayou.cn/cfiles/staticfiles/upload/29ae5/40e3fb83d2354ba3ad3101e463adaada.jpg\" title=\"40e3fb83d2354ba3ad3101e463adaada.jpg\"/></span></p><p style=\"text-align:center;text-indent:36px\"><strong><span style=\"font-size:18px;font-family: 宋体;color:#3C664D;background:white\">导致空调病的原因</span></strong></p><p style=\";margin-bottom:0\"><span style=\"font-size: 15px;font-family:&#39;Helvetica&#39;,&#39;sans-serif&#39;;color:#655B5B;letter-spacing:1px;background:white\">1</span><span style=\"font-size:15px;color:#655B5B;letter-spacing:1px;background:white\">、空调温度过低，人体长时间接受过冷的刺激，导致四肢的温度低于躯干的温度，手足降温，人体调节温度的能力对此无能为力。</span></p><p style=\";margin-bottom:0\"><span style=\"font-size: 15px;font-family:&#39;Helvetica&#39;,&#39;sans-serif&#39;;color:#655B5B;letter-spacing:1px;background:white\">2</span><span style=\"font-size:15px;color:#655B5B;letter-spacing:1px;background:white\">、长期开空调的房间里，空气中的负离子几乎等于零。让人们感觉屋内的空气变得不新鲜，若缺乏负离子会使人感到头疼和诸多不适。</span></p><p style=\";margin-bottom:0\"><span style=\"font-size: 15px;font-family:&#39;Helvetica&#39;,&#39;sans-serif&#39;;color:#655B5B;letter-spacing:1px;background:white\">3</span><span style=\"font-size:15px;color:#655B5B;letter-spacing:1px;background:white\">、空调造成室内外温差很大，导致空调病。</span></p><p style=\"text-align:center;text-indent:47px\"><span style=\"font-size:21px;font-family: &#39;Helvetica&#39;,&#39;sans-serif&#39;;color:red;letter-spacing:1px;background:white\">7016105209</span></p><p style=\";margin-bottom:0;text-indent:226px\"><strong><span style=\"font-size:18px;font-family:宋体;color:#3C664D;background:white\">空调病有哪些症状呢</span></strong></p><p style=\";margin-bottom:0\"><span style=\"font-size: 15px;font-family:&#39;Helvetica&#39;,&#39;sans-serif&#39;;color:#655B5B;letter-spacing:1px;background:white\">1</span><span style=\"font-size:15px;color:#655B5B;letter-spacing:1px;background:white\">、头痛：空调除了致人感冒，对大脑伤害也相当严重，最常见的是头痛。</span></p><p style=\";margin-bottom:0\"><span style=\"font-size: 15px;font-family:&#39;Helvetica&#39;,&#39;sans-serif&#39;;color:#655B5B;letter-spacing:1px;background:white\">2</span><span style=\"font-size:15px;color:#655B5B;letter-spacing:1px;background:white\">、感冒：长时间待在空调房里，毛孔处于收缩状态，突然来到闷热的房间或户外，毛孔不能及时打开，身体调节中枢如果失当，会出现中暑或喉咙痛、鼻塞等风热型感冒症状。</span></p><p style=\";margin-bottom:0\"><span style=\"font-size: 15px;font-family:&#39;Helvetica&#39;,&#39;sans-serif&#39;;color:#655B5B;letter-spacing:1px;background:white\">3</span><span style=\"font-size:15px;color:#655B5B;letter-spacing:1px;background:white\">、眼睛干涩：密闭办公大楼里，空调系统不断循环，高浓度的二氧化碳持续累积在空气中，眼睛在缺氧情况下又久盯电脑屏幕，容易发红痒痛。</span></p><p style=\";margin-bottom:0\"><span style=\"font-size: 15px;font-family:&#39;Helvetica&#39;,&#39;sans-serif&#39;;color:#655B5B;letter-spacing:1px;background:white\">4</span><span style=\"font-size:15px;color:#655B5B;letter-spacing:1px;background:white\">、皮肤干痒：如果处在冷气房久了，皮肤也会因过于干燥而出现痒症。</span></p><p style=\";margin-bottom:0\"><span style=\"font-size: 15px;font-family:&#39;Helvetica&#39;,&#39;sans-serif&#39;;color:#655B5B;letter-spacing:1px;background:white\">PS:</span><span style=\"font-size:15px;color:#655B5B;letter-spacing:1px;background:white\">空调病的表现症状可以因为个人的体质不同而有所差异。除了上述四种症状外还有记忆力减退、疲乏无力、肌肉关节酸痛、头痛、腰痛，严重者还会出现口眼歪斜等症状，这些空调病的症状不仅影响正常的工作，也严重的影响了生活。因此，一定要充分的重视。</span></p><p style=\";margin-bottom:0;text-align:center\"><span style=\"font-size:21px;font-family:&#39;Helvetica&#39;,&#39;sans-serif&#39;;color:red;letter-spacing:1px\">7016104705</span></p><p style=\";margin-bottom:0;text-align:center;line-height:150%\"><strong><span style=\"font-size:18px;line-height:150%;font-family:宋体;color:#3C664D;background:white\">教你如何预防空调病</span></strong></p><p class=\"MsoListParagraph\" style=\"margin-left:24px\"><strong><span style=\"font-family:&#39;Helvetica&#39;,&#39;sans-serif&#39;;color:#3C664D\">1、 </span></strong><strong><span style=\"font-family:宋体;color:#3C664D;background:white\">要注意房间通风</span></strong></p><p style=\";margin-bottom:0;line-height:30px;background:#FEFFFF\"><span style=\"font-size:15px;color:#655B5B;letter-spacing:1px\">每天要打开窗户，关空调，达到换气的目的，让室内保持一定的新鲜空气。</span></p><p style=\";margin-bottom:0;text-align:center;line-height:30px;background:#FEFFFF\"><span style=\"font-size:21px;font-family:&#39;Helvetica&#39;,&#39;sans-serif&#39;;color:red;letter-spacing:1px\">7016103314</span></p><p class=\"MsoListParagraph\" style=\"margin-left:24px\"><strong><span style=\"font-family:&#39;Helvetica&#39;,&#39;sans-serif&#39;;color:#3C664D\">2、 </span></strong><strong><span style=\"font-family:宋体;color:#3C664D;background:white\">户外活动</span></strong></p><p style=\";margin-bottom:0;line-height:30px;background:#FEFFFF\"><span style=\"font-size:15px;color:#655B5B;letter-spacing:1px\">长期在空调室内工作的人建议适当到户外活动，多喝开水，加速体内新陈代谢。</span></p><p style=\";margin-bottom:0;text-align:center;line-height:30px;background:#FEFFFF\"><span style=\"font-size:21px;font-family:&#39;Helvetica&#39;,&#39;sans-serif&#39;;color:red;letter-spacing:1px\">145840</span></p><p style=\"margin-bottom: 0px; line-height: 30px; background: rgb(254, 255, 255) none repeat scroll 0% 0%;\"><span style=\"font-size:21px;font-family:&#39;Helvetica&#39;,&#39;sans-serif&#39;;color:red;letter-spacing:1px\"><img alt=\"抢购右.jpg\" src=\"http://test-files.huijiayou.cn/cfiles/staticfiles/upload/29ae5/f0e8cd12af5a4ffca7579c416de0cadf.jpg\" title=\"f0e8cd12af5a4ffca7579c416de0cadf.jpg\"/></span></p><p style=\"margin-top:0;margin-right:0;margin-bottom:0;margin-left:24px;margin-bottom:0;line-height:30px;background:#FEFFFF\"><strong><span style=\"font-family:&#39;Helvetica&#39;,&#39;sans-serif&#39;;color:#3C664D\">3、 </span></strong><strong><span style=\"font-family:宋体;color:#3C664D;background:white\">空调温度不可过低</span></strong></p><p style=\";margin-bottom:0;line-height:30px;background:#FEFFFF\"><span style=\"font-size:15px;color:#655B5B;letter-spacing:1px\">空调室温和室外自然温度不宜过大，以不超过</span><span style=\"font-size:15px;font-family:&#39;Helvetica&#39;,&#39;sans-serif&#39;;color:#655B5B;letter-spacing:1px\">5</span><span style=\"font-size:15px;color:#655B5B;letter-spacing:1px\">度为宜，夜间睡眠最好不开空调。</span></p><p style=\";margin-bottom:0;text-align:center;line-height:30px;background:#FEFFFF\"><span style=\"font-size:21px;font-family:&#39;Helvetica&#39;,&#39;sans-serif&#39;;color:red;letter-spacing:1px\">7016112942</span></p><p style=\"margin-bottom: 0px; line-height: 30px; background: rgb(254, 255, 255) none repeat scroll 0% 0%;\"><span style=\"font-size:21px;font-family:&#39;Helvetica&#39;,&#39;sans-serif&#39;;color:red;letter-spacing:1px\"><img alt=\"bg_msg_haiwaigou.png\" src=\"http://test-files.huijiayou.cn/cfiles/staticfiles/upload/29ae5/222aea58f6fd4a6bbeb8a8dd1285517e.png\" title=\"222aea58f6fd4a6bbeb8a8dd1285517e.png\"/></span></p><p style=\"margin-top:0;margin-right:0;margin-bottom:0;margin-left:24px;margin-bottom:0;line-height:30px;background:#FEFFFF\"><strong><span style=\"font-family:&#39;Helvetica&#39;,&#39;sans-serif&#39;;color:#3C664D\">4、 </span></strong><strong><span style=\"font-family:宋体;color:#3C664D;background:white\">喝杯红糖姜茶</span></strong></p><p style=\";margin-bottom:0;line-height:30px;background:#FEFFFF\"><span style=\"font-size:15px;color:#655B5B;letter-spacing:1px\">生姜具有发汗解表，温胃止呕、解毒的功效，日常每天喝一杯红糖姜茶有助于预防空调病。</span></p><p style=\";margin-bottom:0;text-indent:31px;line-height:30px;background:#FEFFFF\"><span style=\"font-size:15px;color:#655B5B;background:white\">城市生活的人们几乎每天都要跟空调有亲密的接触。当我们在空调房里工作或者休息的时候，一个健康的隐形杀手伴随着空调出现在我们身边，提醒各位，空调虽好，也要预防空调病哦。</span></p><p style=\"text-align:center\"><span style=\"font-size:21px;font-family:&#39;Helvetica&#39;,&#39;sans-serif&#39;;color:red;letter-spacing:1px\">8016467441</span></p><p><span style=\"font-size:21px;font-family:&#39;Helvetica&#39;,&#39;sans-serif&#39;;color:red;letter-spacing:1px\"><img alt=\"406d60196007403184e074c41cce33fc.png\" src=\"http://test-files.huijiayou.cn/cfiles/staticfiles/upload/29ae5/b26c22b4fbc2430c89b7783c6ca36fe6.png\" title=\"b26c22b4fbc2430c89b7783c6ca36fe6.png\"/></span></p><p><br/></p>','[{\"productCode\":\"8016408750\",\"productName\":\"梦幻西游哈哈哈\",\"productImg\":\"http://cfiles.beta.huijiayou.cn/cfiles/staticfiles/upload/29ad6/ec2b795a12484be5b7a2f55dc7b32ab6.jpg\",\"productPrice\":\"199.00\"},{\"productCode\":\"6016100244\",\"productName\":\"牛仔裤男2017新品男士直筒休闲宽松男裤子休闲加肥加大码牛仔长裤潮四季款 \",\"productImg\":\"http://cfiles.beta.huijiayou.cn/cfiles/staticfiles/upload/29a7b/36062ad4f97b4ecfb2503efdcfa2aa25.jpg\",\"productPrice\":\"228.00\"}]','2017-07-25 11:02:47','2017-07-26 10:37:42','02','01','','http://www.baidu.com'),(53,'测试','','测试','媒体站',2,'媒体站',2,'01','','2017-07-25 11:03:11',1,0,0,0,'02','','','[]','2017-07-25 11:03:11','2017-07-25 11:03:11','03','01','',''),(54,'ces','','ces ','媒体站',2,'媒体站',2,'04','','2017-07-25 14:04:16',1,0,0,0,'02','','<p>sagsgds<br/></p>','[]','2017-07-25 14:04:16','2017-07-25 15:24:58','03','01','',''),(55,'一年四季吃枸杞一年四季吃枸杞一年四季吃枸杞一年四季吃枸杞一年','','今日头条今日头条今日','媒体站',2,'媒体站',2,'02','媒体站','2017-07-26 14:12:40',22,0,0,0,'02','','<p style=\"text-align:center\"><span style=\"font-size:21px;font-family:宋体\">一年四季吃枸杞，人可与天地齐寿</span><span style=\"font-size:21px\">”</span><span style=\"font-size:21px;font-family:宋体\">，枸杞才是低调的“养生高手”</span></p><p style=\"text-align:left;text-indent:36px\"><span style=\"font-family:宋体;color:#3E3E3E;background:white\">从泡茶、泡酒，到炖汤、吃火锅，中国人的生活里到处都有枸杞的影子。俗话说：</span><span style=\"font-family:&#39;Helvetica&#39;,&#39;sans-serif&#39;;color:#3E3E3E;background:white\">“</span><span style=\"font-family:宋体;color:#3E3E3E;background:white\">一年四季吃枸杞，人可与天地齐寿</span><span style=\"font-family: &#39;Helvetica&#39;,&#39;sans-serif&#39;;color:#3E3E3E;background:white\">”</span><span style=\"font-family:宋体;color:#3E3E3E;background:white\">，枸杞在养生界的地位早已不言而喻。枸杞富含维生素</span><span style=\"font-family:&#39;Helvetica&#39;,&#39;sans-serif&#39;;color:#3E3E3E;background:white\">C</span><span style=\"font-family:宋体;color:#3E3E3E;background:white\">、维生素</span><span style=\"font-family:&#39;Helvetica&#39;,&#39;sans-serif&#39;;color:#3E3E3E;background:white\">E</span><span style=\"font-family:宋体;color:#3E3E3E;background:white\">、胡萝卜素等营养成分，能加快新陈代谢</span><span style=\"font-family: &#39;Helvetica&#39;,&#39;sans-serif&#39;;color:#3E3E3E;background:white\">,</span><span style=\"font-family:宋体;color:#3E3E3E;background:white\">提高免疫力、促进造血、保肝、抗衰老、抗疲劳、降血糖、降血脂、降血压等作用，学会合理搭配，让枸杞养生效果翻倍。</span></p><p style=\"text-align:center;text-indent:36px\"><span style=\"font-size:21px;font-family:&#39;Helvetica&#39;,&#39;sans-serif&#39;;color:red;background:white\">7016112854</span></p><p style=\"text-align:center;text-indent:36px\"><strong><span style=\"font-size:20px;font-family:宋体;color:#47C1A8;background:#FEFFFF\">四季枸杞用法各不同</span></strong></p><p style=\"text-align:left\"><strong><span style=\"font-size:21px;font-family:宋体\">春</span></strong><strong><span style=\"font-size:21px;font-family:&#39;Calibri&#39;,&#39;sans-serif&#39;\">-</span></strong><strong><span style=\"font-size:21px;font-family:宋体\">枸杞泡水滋阴明目</span></strong></p><p style=\"text-align:left\"><span style=\"font-family: 宋体;color:#3E3E3E;background:white\">春天，常用电脑者眼睛容易疲劳，用枸杞泡水，可以滋阴明目。取适量枸杞洗净放入杯中，用开水冲泡，温浸</span><span style=\"font-family:&#39;Helvetica&#39;,&#39;sans-serif&#39;;color:#3E3E3E;background:white\">10-15</span><span style=\"font-family: 宋体;color:#3E3E3E;background:white\">分钟即可饮用。泡前将枸杞切成两半药效会更好。</span></p><p style=\"text-align:left\"><strong><span style=\"font-size:21px;font-family:宋体\">夏</span></strong><strong><span style=\"font-size:21px;font-family:&#39;Calibri&#39;,&#39;sans-serif&#39;\">-</span></strong><strong><span style=\"font-size:21px;font-family:宋体\">煎煮泡水清肝泻火</span></strong></p><p style=\"text-align:left\"><span style=\"font-family: 宋体;color:#3E3E3E;background:white\">夏天，天气比较热，也可用枸杞泡水喝来清肝火。要想让枸杞的效能全出来，最好的方法是煎煮，即将枸杞放入砂锅中，加水，大火烧开后改用小火煎煮</span><span style=\"font-family:&#39;Helvetica&#39;,&#39;sans-serif&#39;;color:#3E3E3E;background:white\">30</span><span style=\"font-family:宋体;color:#3E3E3E;background:white\">分钟即可。</span></p><p style=\"text-align:left\"><strong><span style=\"font-size:21px;font-family:宋体\">秋</span></strong><strong><span style=\"font-size:21px;font-family:&#39;Calibri&#39;,&#39;sans-serif&#39;\">-</span></strong><strong><span style=\"font-size:21px;font-family:宋体\">梗米同煮滋阴润燥</span></strong></p><p style=\"text-align:left\"><span style=\"font-family: 宋体;color:#3E3E3E;background:white\">秋天，空气干燥，取适量的枸杞洗净，与粳米一起煮粥，有很好的滋阴润燥效果</span></p><p style=\"text-align:left\"><strong><span style=\"font-size:21px;font-family:宋体\">冬</span></strong><strong><span style=\"font-size:21px;font-family:&#39;Calibri&#39;,&#39;sans-serif&#39;\">-</span></strong><strong><span style=\"font-size:21px;font-family:宋体\">枸杞泡酒抵御寒冷</span></strong></p><p style=\"text-align:left\"><span style=\"font-family: 宋体;color:#3E3E3E;background:white\">冬天，需要抵御寒冷，可取适量枸杞泡在酒中，浸泡</span><span style=\"font-family:&#39;Helvetica&#39;,&#39;sans-serif&#39;;color:#3E3E3E;background:white\">7</span><span style=\"font-family:宋体;color:#3E3E3E;background:white\">天后方可饮用，最好用白酒，既可以提升体内阳气，又不至于阳气过盛而上火。</span></p><p style=\"text-align:center\"><span style=\"font-size:21px;font-family:&#39;Helvetica&#39;,&#39;sans-serif&#39;;color:red;background:white\">8016477377</span></p><p style=\"text-align:center\"><strong><span style=\"font-size:20px;font-family:宋体;color:#47C1A8;background:#FEFFFF\">枸杞有</span></strong><strong><span style=\"font-size:20px;font-family:&#39;Helvetica&#39;,&#39;sans-serif&#39;;color:#47C1A8;background:#FEFFFF\">4</span></strong><strong><span style=\"font-size:20px;font-family:宋体;color:#47C1A8;background:#FEFFFF\">个好搭档</span></strong></p><p><span style=\"font-family:宋体\">枸杞跟这些食物搭配，养生效果更好。</span></p><p><strong><span style=\"font-size:20px;font-family: &#39;Helvetica&#39;,&#39;sans-serif&#39;;color:#47C1A8;background:#FEFFFF\">1</span></strong><strong><span style=\"font-size:20px;font-family:宋体;color:#47C1A8;background:#FEFFFF\">、枸杞</span></strong><strong><span style=\"font-size:20px;font-family:&#39;Helvetica&#39;,&#39;sans-serif&#39;;color:#47C1A8;background:#FEFFFF\">+</span></strong><strong><span style=\"font-size:20px;font-family:宋体;color:#47C1A8;background:#FEFFFF\">骨汤</span></strong><strong><span style=\"font-size:20px;font-family:&#39;Helvetica&#39;,&#39;sans-serif&#39;;color:#47C1A8;background:#FEFFFF\">=</span></strong><strong><span style=\"font-size:20px;font-family:宋体;color:#47C1A8;background:#FEFFFF\">强筋健骨</span></strong></p><p><span style=\"font-family:宋体\">《本草通玄》记载：枸杞子补肾益精，水旺则骨强，而消渴、目昏、腰疼膝痛无不愈矣。</span></p><p><span style=\"font-family:宋体\">煮骨头汤或甲鱼汤时放些枸杞，配伍山茱萸、熟地、怀牛膝等药材，强筋健骨的效果会更好。</span></p><p style=\"text-align:center\"><span style=\"font-size:21px;color:red\">8016478155</span></p><p><strong><span style=\"font-size:20px;font-family: &#39;Helvetica&#39;,&#39;sans-serif&#39;;color:#47C1A8;background:#FEFFFF\">2</span></strong><strong><span style=\"font-size:20px;font-family:宋体;color:#47C1A8;background:#FEFFFF\">、枸杞</span></strong><strong><span style=\"font-size:20px;font-family:&#39;Helvetica&#39;,&#39;sans-serif&#39;;color:#47C1A8;background:#FEFFFF\">+</span></strong><strong><span style=\"font-size:20px;font-family:宋体;color:#47C1A8;background:#FEFFFF\">菊花</span></strong><strong><span style=\"font-size:20px;font-family:&#39;Helvetica&#39;,&#39;sans-serif&#39;;color:#47C1A8;background:#FEFFFF\">=</span></strong><strong><span style=\"font-size:20px;font-family:宋体;color:#47C1A8;background:#FEFFFF\">益阴明目</span></strong></p><p style=\"text-align:left\"><span style=\"font-family: 宋体;color:#3E3E3E;background:white\">《本草经疏》记载：肝开窍于目，黑水神光属肾，二脏之阴气增益，则目自明矣。素有明眼子之称的枸杞擅长补肝肾阴虚，对于目暗不明、视物昏花等症疗效不错。</span></p><p style=\"text-align:left\"><span style=\"font-family: 宋体;color:#3E3E3E;background:white\">枸杞和明目的菊花搭配效果很好，大家可以泡枸杞菊花茶喝，也可以用他们煮食动物肝脏。</span></p><p style=\"text-align:center\"><span style=\"font-size:21px;font-family:&#39;Helvetica&#39;,&#39;sans-serif&#39;;color:red;background:white\">8016468309</span></p><p><strong><span style=\"font-size:20px;font-family: &#39;Helvetica&#39;,&#39;sans-serif&#39;;color:#47C1A8;background:#FEFFFF\">3</span></strong><strong><span style=\"font-size:20px;font-family:宋体;color:#47C1A8;background:#FEFFFF\">、枸杞</span></strong><strong><span style=\"font-size:20px;font-family:&#39;Helvetica&#39;,&#39;sans-serif&#39;;color:#47C1A8;background:#FEFFFF\">+</span></strong><strong><span style=\"font-size:20px;font-family:宋体;color:#47C1A8;background:#FEFFFF\">阿胶膏</span></strong><strong><span style=\"font-size:20px;font-family:&#39;Helvetica&#39;,&#39;sans-serif&#39;;color:#47C1A8;background:#FEFFFF\">=</span></strong><strong><span style=\"font-size:20px;font-family:宋体;color:#47C1A8;background:#FEFFFF\">养血乌发</span></strong></p><p style=\"text-align:left\"><span style=\"font-family: 宋体;color:#3E3E3E;background:white\">枸杞可以用于精血不足导致的面色晦暗，须发早白等症。</span></p><p style=\"text-align:left\"><span style=\"font-family: 宋体;color:#3E3E3E;background:white\">枸杞可以和黑芝麻、阿胶、龙眼、大枣等益精补血的食材熬膏服用。也可以将枸杞</span><span style=\"font-family:&#39;Helvetica&#39;,&#39;sans-serif&#39;;color:#3E3E3E;background:white\">6</span><span style=\"font-family:宋体;color:#3E3E3E;background:white\">克与大枣</span><span style=\"font-family:&#39;Helvetica&#39;,&#39;sans-serif&#39;;color:#3E3E3E;background:white\">2</span><span style=\"font-family:宋体;color:#3E3E3E;background:white\">枚共同泡饮，能加强补血功效，适合气血亏虚、面色萎黄乏力的人。</span></p><p style=\"text-align:center\"><span style=\"font-size:21px;font-family:&#39;Helvetica&#39;,&#39;sans-serif&#39;;color:red;background:white\">8016477436</span></p><p style=\"text-align:left\"><strong><span style=\"font-size:20px;font-family:&#39;Helvetica&#39;,&#39;sans-serif&#39;;color:#47C1A8;background:#FEFFFF\">4</span></strong><strong><span style=\"font-size:20px;font-family:宋体;color:#47C1A8;background:#FEFFFF\">、枸杞</span></strong><strong><span style=\"font-size:20px;font-family:&#39;Helvetica&#39;,&#39;sans-serif&#39;;color:#47C1A8;background:#FEFFFF\">+</span></strong><strong><span style=\"font-size:20px;font-family:宋体;color:#47C1A8;background:#FEFFFF\">山楂</span></strong><strong><span style=\"font-size:20px;font-family:&#39;Helvetica&#39;,&#39;sans-serif&#39;;color:#47C1A8;background:#FEFFFF\">=</span></strong><strong><span style=\"font-size:20px;font-family:宋体;color:#47C1A8;background:#FEFFFF\">滋阴生津</span></strong></p><p style=\"text-align:left\"><span style=\"font-family: 宋体;color:#3E3E3E;background:white\">枸杞子属于浆果类，汁液充沛，可滋养阴液、生津止渴。</span></p><p style=\"text-align:left\"><span style=\"font-family: 宋体;color:#3E3E3E;background:white\">鲜枸杞直接嚼食效果最佳，干枸杞和山楂、五味子、桑葚、酸枣仁、绿茶等搭配，水煎饮用，或者和梨、苹果等水果煮食饮汤，效果同样也很好。</span></p><p style=\"text-align:center\"><span style=\"font-size:21px;font-family:&#39;Helvetica&#39;,&#39;sans-serif&#39;;color:red;background:white\">8016477364</span></p><p style=\"text-align:left\"><span style=\"font-family: 宋体;color:#3E3E3E;background:white\">友情提示</span><span style=\"font-family: &#39;Helvetica&#39;,&#39;sans-serif&#39;;color:#3E3E3E;background:white\">:</span><span style=\"font-family:宋体;color:#3E3E3E;background:white\">一般来说枸杞老少咸宜，但不可多吃，因为它毕竟是药物，，每日用量不应超过</span><span style=\"font-family:&#39;Helvetica&#39;,&#39;sans-serif&#39;;color:#3E3E3E;background:white\">10</span><span style=\"font-family:宋体;color:#3E3E3E;background:white\">克。而且因为性质偏温，热型体质者经常食用脸上容易起疹子，此外，它性质滋润，脾胃虚弱、大便泄泻者不宜过多服用。</span></p><p style=\"text-align:left\"><span style=\"font-family:&#39;Helvetica&#39;,&#39;sans-serif&#39;;color:#3E3E3E;background:white\">&nbsp;</span></p>','[{\"productCode\":\"115178\",\"productName\":\"诺天温润满绿东陵玉手镯套组\",\"productImg\":\"http://cfiles.beta.huijiayou.cn/cfiles/staticfiles/imzoom/27498/91ad925f1dc14bbe8a9b71d417dee15d.jpg\",\"productPrice\":\"598.00\"},{\"productCode\":\"6016100199\",\"productName\":\"sdf\",\"productImg\":\"http://cfiles.beta.huijiayou.cn/cfiles/staticfiles/upload/29946/70a83f0df78a49fdb68b7fbe571c6299.jpg\",\"productPrice\":\"80.00\"}]','2017-07-25 14:05:34','2017-07-26 14:12:40','02','01','','https://baike.baidu.com/item/%E6%B5%8B%E8%AF%95/112688?fr=aladdin'),(57,'sdfasdf','','asdfasdf','媒体站',2,'媒体站',2,'02','媒体站','2017-07-26 11:34:10',1,0,0,0,'02','','<p>asdfasdf</p><p><br/></p><p><br/></p><h1>春-枸杞泡水滋阴明目</h1><p>春天，常用电脑者眼睛容易疲劳，用枸杞泡水，可以滋阴明目。取适量枸杞洗净放入杯中，用开水冲泡，温浸10-15分钟即可饮用。泡前将枸杞切成两半药效会更好。</p><p><br/></p><h1>夏-煎煮泡水清肝泻火</h1><p>夏天，天气比较热，也可用枸杞泡水喝来清肝火。要想让枸杞的效能全出来，最好的方法是煎煮，即将枸杞放入砂锅中，加水，大火烧开后改用小火煎煮30分钟即可。</p><p><br/></p><p>秋-梗米同煮滋阴润燥</p><p><img src=\"http://test-files.huijiayou.cn/cfiles/staticfiles/upload/29ae5/e14d8eab85e44a9a90dd07a08e1f1443.jpg\" title=\"e14d8eab85e44a9a90dd07a08e1f1443.jpg\" alt=\"一般纳税人资格证.jpg\"/></p><p><br/></p>','[]','2017-07-25 14:46:44','2017-07-26 11:34:10','02','01','',''),(58,'经常做这4个伤车的行为，你的车很快越开越不值钱','http://test-files.huijiayou.cn/cfiles/staticfiles/upload/29ae5/188b35dc7469463e8309655d87e68598.gif','车兄弟','媒体站',2,'媒体站',2,'02','媒体站','2017-07-25 15:06:57',1,0,0,0,'02','','<p style=\"margin-top: 0px; margin-bottom: 0px; padding: 0px; line-height: 24px; color: rgb(51, 51, 51); text-align: left; font-family: arial; white-space: normal;\">有的人的车买回来，开个几年车况还相当不错，转手也能买个不错的价钱。而有的人的车，开个几年毛病不断，甚至还大修过，转手卖的时候贬值不少不说，甚至无人问津。其实这都是车主驾驶习惯不同造形成这样的局面。不管这车是高端还是普通款，一通乱造，同样都容易受损。像这4种行为，你占了几个？</p><p style=\"text-align:center\"><img src=\"http://test-files.huijiayou.cn/cfiles/staticfiles/upload/29ae5/24d9403ddce5495abe592f4711702fe0.jpg\" title=\"24d9403ddce5495abe592f4711702fe0.jpg\" alt=\"u=189399235,4066350874&amp;fm=26&amp;gp=0.jpg\"/></p><p style=\"text-align:center\"><img src=\"http://test-files.huijiayou.cn/cfiles/staticfiles/upload/29ae5/2113f00683f04f249ced270cfb89c95e.gif\" title=\"2113f00683f04f249ced270cfb89c95e.gif\" alt=\"新品（中间停顿3s）.gif\"/></p><p style=\"margin-top: 26px; margin-bottom: 0px; padding: 0px; line-height: 24px; color: rgb(51, 51, 51); text-align: left; font-family: arial; white-space: normal;\">开手动挡的车型，如果没有将离合踩到底就强行换挡，长期如此会对变速箱造成损害。如果是开自动挡车型，刹车没踩到位，刹车灯都没有亮起，就将挡位直接推到P挡停车熄火，会对变速齿轮造成很大冲击。对变速箱来说，百害无一利。</p><p style=\"text-align:center\"><img src=\"https://ss0.baidu.com/6ONWsjip0QIZ8tyhnq/it/u=2069127894,2539581815&fm=173&s=8021D117F60342F7A619754E0300B031&w=550&h=360&img.JPEG\" style=\"border: 0px; width: 537px;\"/></p><p style=\"margin-top: 26px; margin-bottom: 0px; padding: 0px; line-height: 24px; color: rgb(51, 51, 51); text-align: left; font-family: arial; white-space: normal;\">现在的汽车的方向盘一般都带有助力泵，让人打方向的时候更为轻松。但很多人会有这个毛病，经常打死方向盘。这样会让助力泵长期处于绷紧的状态，对汽车的方向助力泵有损耗，时间长了会加剧助力泵皮带老化。如果不得不打死方向盘，最好是打死方向后，立即回正一点点，避免损坏助力泵。</p><p style=\"text-align:center\"><img width=\"478px\" src=\"https://ss0.baidu.com/6ONWsjip0QIZ8tyhnq/it/u=1053111384,3025531430&fm=173&s=5BA5B14412BABFD044C69F900300A08D&w=478&h=287&img.JPEG\" style=\"border: 0px; display: block; margin: 0px auto;\"/></p><p style=\"margin-top: 26px; margin-bottom: 0px; padding: 0px; line-height: 24px; color: rgb(51, 51, 51); text-align: left; font-family: arial; white-space: normal;\">有些司机比较马大哈，平时用车不怎么注意燃油还有多少，等燃油警示灯亮起之后，才急急忙忙去寻找加油站加油。但要知道燃油泵在工作中也是会产生温度的，需要燃油来为它进行降温。当油位过低的时候，可能会因无法正常为燃油泵散热，从而造成燃油泵烧毁或者过热的情况。时间长了，燃油泵的寿命就大大缩短。</p><p style=\"margin-top: 22px; margin-bottom: 0px; padding: 0px; line-height: 24px; color: rgb(51, 51, 51); text-align: left; font-family: arial; white-space: normal;\">减速带，顾名思义就是为了让过往的车辆减速慢性。有些车主开车的风格较为凶猛，遇到减速带也不怎么减速，直接就冲了过去。实际上如果不减速通过减速带，那么底盘的就得承受来自减速带的“输出”，长期如此底盘寿命也会缩短。</p><p style=\"margin-top: 22px; margin-bottom: 0px; padding: 0px; line-height: 24px; color: rgb(51, 51, 51); text-align: left; font-family: arial; white-space: normal;\">结语：良好的驾驶习惯，从安全来说，可以让我们避免很多不必要的突发情况。从经济角度上说，车子的毛病少，自然也是替自己省钱。所以总体来说，养成良好的驾驶习惯十分必要。</p><p><br style=\"text-align: left;\"/></p>','[]','2017-07-25 14:51:31','2017-07-25 15:06:55','02','02','驳回','https://baijiahao.baidu.com/s?id=1573621223087773&wfr=spider&for=pc'),(60,'炒菜时这坏习惯要改掉，会致癌','','惠家有','媒体站',2,'媒体站',2,'02','媒体站','2017-07-26 11:11:36',20,0,0,0,'02','','<p style=\"text-align:center\"><strong><span style=\"font-size:24px;font-family:宋体\">炒菜时这坏习惯要改掉，会致癌</span></strong></p><p style=\"text-align:left;line-height:150%\"><span style=\"font-size:18px;line-height:150%;font-family:&#39;微软雅黑&#39;,&#39;sans-serif&#39;;color:#3E3E3E;background:white\">随着胃癌、大肠癌、乳癌等癌症的高发，研究发现导致发病率逐年上升的其中一个重要原因，就是现代人的饮食习惯。很多人炒菜都会犯下面这些错误，导致致癌几率增加。</span></p><p style=\"text-align:center;line-height:150%\"><strong><span style=\"font-size:18px;line-height: 150%;font-family:&#39;微软雅黑&#39;,&#39;sans-serif&#39;;color:#3E3E3E;background:white\">炒完菜不刷锅接着用</span></strong></p><p style=\"text-align:left;line-height:150%\"><span style=\"font-size:18px;line-height:150%;font-family:&#39;微软雅黑&#39;,&#39;sans-serif&#39;;color:#3E3E3E;background:white\">很多人在炒菜的过程中，都有这样的经历：刚炒过鸡蛋，锅里还有一些底油，没事，接着再放点接着炒其他的菜，这样既省煤气也省油。刚炒过青菜，没啥油，锅也是干净的，那就继续用！</span></p><p style=\"text-align:center;line-height:150%\"><span style=\"font-size:21px;line-height:150%;font-family:&#39;微软雅黑&#39;,&#39;sans-serif&#39;;color:red;background:white\">8016457975</span></p><p style=\"line-height: 150%;\"><span style=\"font-size:21px;line-height:150%;font-family:&#39;微软雅黑&#39;,&#39;sans-serif&#39;;color:red;background:white\"><img alt=\"1.jpg\" src=\"http://test-files.huijiayou.cn/cfiles/staticfiles/upload/29ae5/e9f74dfb287d430db28b3c6ff3beb721.jpg\" title=\"e9f74dfb287d430db28b3c6ff3beb721.jpg\"/></span></p><p style=\"text-align:left;line-height:150%\"><span style=\"font-size:18px;line-height:150%;font-family:&#39;微软雅黑&#39;,&#39;sans-serif&#39;;color:#3E3E3E;background:white\">看似干净的锅表面，会附着油脂和食物残渣。当再次高温加热时，可能产生苯并芘等致癌物。而且在不刷锅再接着炒菜的时候，你会发现原本在锅里残余的菜很容易烧焦，这也存在一定的致癌隐患。</span></p><p style=\"text-align:center;line-height:150%\"><strong><span style=\"font-size:18px;line-height: 150%;font-family:&#39;微软雅黑&#39;,&#39;sans-serif&#39;;color:#3E3E3E;background:white\">食用油反复使用</span></strong></p><p style=\";margin-bottom:0;line-height:26px;background:white\"><span style=\"font-size:18px;font-family:&#39;微软雅黑&#39;,&#39;sans-serif&#39;;color:#3E3E3E;background:white\">很多人不舍得倒掉油炸过的油，还会用来继续炒菜或油炸，其实这种做法非常不可取。</span><span style=\"font-size:18px;font-family:&#39;微软雅黑&#39;,&#39;sans-serif&#39;;color:#3E3E3E\">多次重复使用的油，油里面会有残留致癌物，主要是苯并芘的成分，还有些醛类、杂环化合物等。因此，食物油最好只用一次，在控制好油温情况下，最多2-3次。</span></p><p style=\";margin-bottom:0;text-align:center;line-height:26px;background:white\"><span style=\"font-size:21px;font-family:&#39;微软雅黑&#39;,&#39;sans-serif&#39;;color:red\">8016469447</span></p><p style=\"margin-bottom: 0px; line-height: 26px; background: white none repeat scroll 0% 0%;\"><span style=\"font-size:21px;font-family:&#39;微软雅黑&#39;,&#39;sans-serif&#39;;color:red\"><img alt=\"4.jpg\" src=\"http://test-files.huijiayou.cn/cfiles/staticfiles/upload/29ae5/e15b6dfa5ba14555b87259c8a3062695.jpg\" title=\"e15b6dfa5ba14555b87259c8a3062695.jpg\"/></span></p><p style=\";margin-bottom:0;line-height:28px;background:white\"><span style=\"font-size:18px;font-family:&#39;微软雅黑&#39;,&#39;sans-serif&#39;;color:#3E3E3E\">除了以上这些错误的习惯，大家也要注意下面这些食物的摄取量，如果食用不当也会造成严重后果。</span></p><p style=\"margin-top:0;margin-right:0;margin-bottom:0;margin-left:48px;margin-bottom:0;line-height:28px;background:white\"><span style=\"font-size:18px;font-family:&#39;微软雅黑&#39;,&#39;sans-serif&#39;;color:black\">1、<span style=\"font:9px &#39;Times New Roman&#39;\">&nbsp;&nbsp;&nbsp;&nbsp;&nbsp;&nbsp; </span></span><span style=\"font-size:18px;font-family:&#39;微软雅黑&#39;,&#39;sans-serif&#39;;color:black;background:white\">腌制类食品</span></p><p style=\"margin-top:0;margin-right:0;margin-bottom:0;margin-left:48px;margin-bottom:0;line-height:26px;background:white\"><span style=\"font-size:18px;font-family:&#39;微软雅黑&#39;,&#39;sans-serif&#39;;color:#3E3E3E;background:white\">腌制类食品一直伴随在各家各户的餐桌上，但是这类食物中含有大量的亚硝酸盐，在体内可以转化为致癌物质亚硝酸胺。而亚硝酸铵就是一种致癌物质，因此应尽量少吃。</span></p><p style=\"margin-top:0;margin-right:0;margin-bottom:0;margin-left:48px;margin-bottom:0;text-align:center;line-height:26px;background:white\"><span style=\"font-size:21px;font-family:&#39;微软雅黑&#39;,&#39;sans-serif&#39;;color:red;background:white\">8016448981</span></p><p style=\"margin: 0px 0px 0px 48px; line-height: 26px; background: white none repeat scroll 0% 0%;\"><span style=\"font-size:21px;font-family:&#39;微软雅黑&#39;,&#39;sans-serif&#39;;color:red;background:white\"><img alt=\"3.jpg\" src=\"http://test-files.huijiayou.cn/cfiles/staticfiles/upload/29ae5/651dde938bae4053aeffc83ad638e8b2.jpg\" title=\"651dde938bae4053aeffc83ad638e8b2.jpg\"/></span></p><h1 style=\"margin: 0px 0px 0px 48px; line-height: 26px; background: white none repeat scroll 0% 0%;\"><span style=\"font-size:18px;font-family:&#39;微软雅黑&#39;,&#39;sans-serif&#39;;color:black\">2、<span style=\"font:9px &#39;Times New Roman&#39;\">&nbsp;&nbsp;&nbsp;&nbsp;&nbsp;&nbsp; </span></span><span style=\"font-size:18px;font-family:&#39;微软雅黑&#39;,&#39;sans-serif&#39;;color:black;background:white\">烧烤类食品</span></h1><p style=\"margin-top:0;margin-right:0;margin-bottom:0;margin-left:48px;margin-bottom:0;line-height:26px;background:white\"><span style=\"font-size:18px;font-family:&#39;微软雅黑&#39;,&#39;sans-serif&#39;;color:#3E3E3E;background:white\">最近流行一句话：没有什么是撸一顿烤串解决不了的，如果有就撸两顿！无论是北方和南方，人们都喜欢吃烧烤类的食物。经过烧烤的肉类吃起来更加的鲜嫩，所以烧烤也就成为人们喜爱的食物。但是这类食物绝对不可多吃，因为一旦食物烤焦了，就会产生大量的致癌物质。</span></p><p style=\"margin-top:0;margin-right:0;margin-bottom:0;margin-left:48px;margin-bottom:0;line-height:26px;background:white\"><span style=\"font-size:18px;font-family:&#39;微软雅黑&#39;,&#39;sans-serif&#39;;color:black\">3、<span style=\"font:9px &#39;Times New Roman&#39;\">&nbsp;&nbsp;&nbsp;&nbsp;&nbsp;&nbsp; </span></span><span style=\"font-size:18px;font-family:&#39;微软雅黑&#39;,&#39;sans-serif&#39;;color:black;background:white\">油炸类食品</span></p><p style=\"margin-top:0;margin-right:0;margin-bottom:0;margin-left:48px;margin-bottom:0;line-height:26px;background:white\"><span style=\"font-size:18px;font-family:&#39;微软雅黑&#39;,&#39;sans-serif&#39;;color:#3E3E3E;background:white\">人们的味觉喜欢香的食物，而油炸类的食物就会非常的香。因此，很多人喜欢吃油炸类食物，尤其是小孩子。但是油炸食品含有致癌的成分，因为食品煎炸过焦后，会产生致癌物质多环芳烃。所以，油炸类的食物是不可多吃的。</span></p><p style=\"margin-top:0;margin-right:0;margin-bottom:0;margin-left:48px;margin-bottom:0;line-height:26px;background:white\"><span style=\"font-size:18px;font-family:&#39;微软雅黑&#39;,&#39;sans-serif&#39;;color:black\">4、<span style=\"font:9px &#39;Times New Roman&#39;\">&nbsp;&nbsp;&nbsp;&nbsp;&nbsp;&nbsp; </span></span><span style=\"font-size:18px;font-family:&#39;微软雅黑&#39;,&#39;sans-serif&#39;;color:black;background:white\">霉变类食品</span></p><p style=\"margin-top:0;margin-right:0;margin-bottom:0;margin-left:48px;margin-bottom:0;line-height:26px;background:white\"><span style=\"font-size:18px;font-family:&#39;微软雅黑&#39;,&#39;sans-serif&#39;;color:#3E3E3E;background:white\">五谷杂粮很容易发生霉变。如果在潮湿阴冷的地方放置过久，就不要再食用了。千万不要因为扔掉可惜，就食用已经霉变的食物。</span><span style=\"font-size:18px;font-family:&#39;微软雅黑&#39;,&#39;sans-serif&#39;;color:#3E3E3E\">其中最容易霉变的食品有：米、麦、豆、玉米、花生等。这些食物一旦发生霉变，就会产生一种强致癌物黄曲霉素。</span></p><p style=\"margin-top:0;margin-right:0;margin-bottom:0;margin-left:48px;margin-bottom:0;text-align:center;line-height:26px;background:white\"><span style=\"font-size:21px;font-family:&#39;微软雅黑&#39;,&#39;sans-serif&#39;;color:red;background:white\">7016108434</span></p><p style=\"margin: 0px 0px 0px 48px; line-height: 26px; background: white none repeat scroll 0% 0%;\"><span style=\"font-size:21px;font-family:&#39;微软雅黑&#39;,&#39;sans-serif&#39;;color:red;background:white\"><img alt=\"2.jpg\" src=\"http://test-files.huijiayou.cn/cfiles/staticfiles/upload/29ae5/13873fc1a77a4ce580565004ed604e99.jpg\" title=\"13873fc1a77a4ce580565004ed604e99.jpg\"/></span></p><p style=\"margin-top:0;margin-right:0;margin-bottom:0;margin-left:48px;margin-bottom:0;text-align:center;line-height:26px;background:white\"><span style=\"font-size:21px;font-family:&#39;Helvetica&#39;,&#39;sans-serif&#39;;color:red\">&nbsp;</span></p><p><br/></p>','[{\"productCode\":\"6016100199\",\"productName\":\"sdf\",\"productImg\":\"http://cfiles.beta.huijiayou.cn/cfiles/staticfiles/upload/29946/70a83f0df78a49fdb68b7fbe571c6299.jpg\",\"productPrice\":\"80.00\"},{\"productCode\":\"6016100245\",\"productName\":\"【BS】2017新款女装中长款蕾丝网纱裙碎花雪纺连衣裙 7S2083\",\"productImg\":\"http://cfiles.beta.huijiayou.cn/cfiles/staticfiles/upload/29a7b/993300b5d9584d5ca9310b37882aadce.jpg\",\"productPrice\":\"519.00\"},{\"productCode\":\"6016100244\",\"productName\":\"牛仔裤男2017新品男士直筒休闲宽松男裤子休闲加肥加大码牛仔长裤潮四季款 \",\"productImg\":\"http://cfiles.beta.huijiayou.cn/cfiles/staticfiles/upload/29a7b/36062ad4f97b4ecfb2503efdcfa2aa25.jpg\",\"productPrice\":\"228.00\"},{\"productCode\":\"115178\",\"productName\":\"诺天温润满绿东陵玉手镯套组\",\"productImg\":\"http://cfiles.beta.huijiayou.cn/cfiles/staticfiles/imzoom/27498/91ad925f1dc14bbe8a9b71d417dee15d.jpg\",\"productPrice\":\"598.00\"},{\"productCode\":\"6016100245\",\"productName\":\"【BS】2017新款女装中长款蕾丝网纱裙碎花雪纺连衣裙 7S2083\",\"productImg\":\"http://cfiles.beta.huijiayou.cn/cfiles/staticfiles/upload/29a7b/993300b5d9584d5ca9310b37882aadce.jpg\",\"productPrice\":\"519.00\"},{\"productCode\":\"6016100199\",\"productName\":\"sdf\",\"productImg\":\"http://cfiles.beta.huijiayou.cn/cfiles/staticfiles/upload/29946/70a83f0df78a49fdb68b7fbe571c6299.jpg\",\"productPrice\":\"80.00\"},{\"productCode\":\"6016100244\",\"productName\":\"牛仔裤男2017新品男士直筒休闲宽松男裤子休闲加肥加大码牛仔长裤潮四季款 \",\"productImg\":\"http://cfiles.beta.huijiayou.cn/cfiles/staticfiles/upload/29a7b/36062ad4f97b4ecfb2503efdcfa2aa25.jpg\",\"productPrice\":\"228.00\"},{\"productCode\":\"115178\",\"productName\":\"诺天温润满绿东陵玉手镯套组\",\"productImg\":\"http://cfiles.beta.huijiayou.cn/cfiles/staticfiles/imzoom/27498/91ad925f1dc14bbe8a9b71d417dee15d.jpg\",\"productPrice\":\"598.00\"},{\"productCode\":\"7016100348\",\"productName\":\"喷雾防晒\",\"productImg\":\"http://cfiles.beta.huijiayou.cn/cfiles/staticfiles/upload/29a84/c179939cfd65423793bd4c5c4da94d86.jpg\",\"productPrice\":\"269.00\"},{\"productCode\":\"118883\",\"productName\":\"我心永恒克拉托帕石套组我心永我心永恒克拉托帕石套组我心永恒克拉托帕石套组我心永恒\",\"productImg\":\"http://cfiles.beta.huijiayou.cn/cfiles/staticfiles/imzoom/298ee/938ed476d6644c50b37663d5fbc413d2.jpg\",\"productPrice\":\"1000.00\"},{\"productCode\":\"798429\",\"productName\":\"石磊测试家有提货券专用商品01\",\"productImg\":\"http://cfiles.beta.huijiayou.cn/cfiles/staticfiles/imzoom/298f4/6e408ec6a00f4183a345a21e2fd3610b.png\",\"productPrice\":\"200.99\"}]','2017-07-25 15:34:25','2017-07-26 11:11:34','02','01','',''),(61,'测试','http://test-files.huijiayou.cn/cfiles/staticfiles/upload/29ae7/24663d99d0e14833ba74d08146e7eed0.jpg','惠家有','媒体站',2,'媒体站',2,'02','媒体站','2017-07-27 10:52:25',24,0,0,0,'02','','<p><img src=\"http://test-files.huijiayou.cn/cfiles/staticfiles/upload/29ae7/63c62583956743abb73bccecdab047d2.jpg\" title=\"63c62583956743abb73bccecdab047d2.jpg\" alt=\"0_2.JPG\"/></p><br/><p style=\"margin-top:0;margin-right:0;margin-bottom:0;margin-left:48px;margin-bottom:0;line-height:26px;background:white\"><span style=\"font-size:18px;font-family:&#39;微软雅黑&#39;,&#39;sans-serif&#39;;color:black\">4、<span style=\"font:9px &#39;Times New Roman&#39;\">&nbsp;&nbsp;&nbsp;&nbsp;&nbsp;&nbsp; </span></span><span style=\"font-size:18px;font-family:&#39;微软雅黑&#39;,&#39;sans-serif&#39;;color:black;background:white\">霉变类食品</span></p><p style=\"margin-top:0;margin-right:0;margin-bottom:0;margin-left:48px;margin-bottom:0;line-height:26px;background:white\"><span style=\"font-size:18px;font-family:&#39;微软雅黑&#39;,&#39;sans-serif&#39;;color:#3E3E3E;background:white\">五谷杂粮很容易发生霉变。如果在潮湿阴冷的地方放置过久，就不要再食用了。千万不要因为扔掉可惜，就食用已经霉变的食物。</span><span style=\"font-size:18px;font-family:&#39;微软雅黑&#39;,&#39;sans-serif&#39;;color:#3E3E3E\">其中最容易霉变的食品有：米、麦、豆、玉米、花生等。这些食物一旦发生霉变，就会产生一种强致癌物黄曲霉素。</span></p><p style=\"margin-top:0;margin-right:0;margin-bottom:0;margin-left:48px;margin-bottom:0;text-align:center;line-height:26px;background:white\"><span style=\"font-size:21px;font-family:&#39;微软雅黑&#39;,&#39;sans-serif&#39;;color:red;background:white\">7016108434</span></p><p style=\"margin-top:0;margin-right:0;margin-bottom:0;margin-left:48px;margin-bottom:0;text-align:center;line-height:26px;background:white\"><span style=\"font-size:21px;font-family:&#39;Helvetica&#39;,&#39;sans-serif&#39;;color:red\">&nbsp;</span></p><p><br/></p>','[]','2017-07-25 15:36:23','2017-07-27 10:52:25','03','02','上顿饭',''),(62,'每天跑步的最佳时间','http://test-files.huijiayou.cn/cfiles/staticfiles/upload/29ae5/511cfaa67c124059ad0e7544c1b698cc.jpg','养生之道网','媒体站',2,'媒体站',2,'02','媒体站','2017-07-26 11:11:28',1,0,0,0,'02','','<p style=\"box-sizing: border-box; margin-top: 15px; margin-bottom: 15px; color: rgb(51, 51, 51); font-family: 宋体,Arial,Helvetica; white-space: normal; background-color: rgb(255, 255, 255); text-indent: 0em;\"><span style=\"box-sizing: border-box; font-weight: 700;\"><img src=\"http://test-files.huijiayou.cn/cfiles/staticfiles/upload/29ae5/27d5e04d333e480f88ff1ae0b072ecbc.jpg\" title=\"27d5e04d333e480f88ff1ae0b072ecbc.jpg\" alt=\"3097-140FG41056319.jpg\"/></span></p><p style=\"box-sizing: border-box; margin-top: 15px; margin-bottom: 15px; text-indent: 2em; color: rgb(51, 51, 51); font-family: 宋体, Arial, Helvetica; white-space: normal; background-color: rgb(255, 255, 255);\"><span style=\"font-size: 24px;\">根据人体生物钟调节原理，身体</span>的<span style=\"color: rgb(184, 204, 228);\">适应能力及体力的调动发挥均以下午和接近傍晚(约4点到6点)最佳，此时绝大多数人精神平静稳定，体力充盈，技术活动的灵活性、协调性、准确性及适应能力均处于最佳状态，因此在这个时间段跑步也是相当不错的选择哦。</span></p><p style=\"box-sizing: border-box; margin-top: 15px; margin-bottom: 15px; text-indent: 2em; color: rgb(51, 51, 51); font-family: 宋体, Arial, Helvetica; white-space: normal; background-color: rgb(255, 255, 255);\">然而现实问题是，这两个时段恰好是我们忙于工作、学习的时间。虽然身体机能状态很好，但除了专业运动员，恐怕没有多少人能有条件在这两个时段去做运动。</p><p style=\"box-sizing: border-box; margin-top: 15px; margin-bottom: 15px; text-indent: 2em; color: rgb(51, 51, 51); font-family: 宋体, Arial, Helvetica; white-space: normal; background-color: rgb(255, 255, 255);\">美国芝加哥大学临床研究中心20日发表<strong><span style=\"font-size: 36px;\">的一份研究报道说，人体生物钟在机体对运动的反应中起到比以前认</span></strong>为的更为重要的作用。这一结果可能会改变人们早上锻炼身体的习惯。</p><p style=\"box-sizing: border-box; margin-top: 15px; margin-bottom: 15px; text-indent: 2em; color: rgb(51, 51, 51); font-family: 宋体, Arial, Helvetica; white-space: normal; background-color: rgb(255, 255, 255);\">研究中心对年龄在30至40岁的40名男子进行了一天内不同时间段机体(荷尔蒙水平)对运动反应的研究，结果发现，晚上和夜间两个时间段中，人体<a class=\"art-inlink\" target=\"_blank\" href=\"https://www.ys137.com/baike/1516103.html\" style=\"box-sizing: border-box; background: 0px 0px; color: rgb(46, 160, 57); text-decoration-line: none; border-bottom: 1px dotted rgb(46, 160, 57);\">新陈代谢</a>的关键物质荷尔蒙对身体锻炼的反应最强烈。</p><p style=\"box-sizing: border-box; margin-top: 15px; margin-bottom: 15px; text-indent: 2em; color: rgb(51, 51, 51); font-family: 宋体, Arial, Helvetica; white-space: normal; background-color: rgb(255, 255, 255);\">芝加哥大学的研究人员说：“在夜间或晚上，与脂肪新陈代谢相关的皮质甾醇和与肌肉修复相关的促<a class=\"art-inlink\" target=\"_blank\" href=\"https://www.ys137.com/yinshi/145336.html\" style=\"box-sizing: border-box; background: 0px 0px; color: rgb(46, 160, 57); text-decoration-line: none; border-bottom: 1px dotted rgb(46, 160, 57);\">甲状腺</a>激素(在血液中含量)急剧上升。”</p><p style=\"box-sizing: border-box; margin-top: 15px; margin-bottom: 15px; text-indent: 2em; color: rgb(51, 51, 51); font-family: 宋体, Arial, Helvetica; white-space: normal; background-color: rgb(255, 255, 255);\">研究人员举例说，早上在<a class=\"art-inlink\" target=\"_blank\" href=\"https://www.ys137.com/ydys/148307.html\" style=\"box-sizing: border-box; background: 0px 0px; color: rgb(46, 160, 57); text-decoration-line: none; border-bottom: 1px dotted rgb(46, 160, 57);\">跑步机</a>上高强度运动一小时后进行的血验结果显示，荷尔蒙的水平与同一时段卧床休息时的含量相当。而在晚上7时到第二天凌晨2时作同样的运动后，荷尔蒙的水平比其它时间段要高出许多。这表明人体内<a class=\"art-inlink\" target=\"_blank\" href=\"https://www.ys137.com/sex/796933.html\" style=\"box-sizing: border-box; background: 0px 0px; color: rgb(46, 160, 57); text-decoration-line: none; border-bottom: 1px dotted rgb(46, 160, 57);\">荷尔蒙</a>在不同时间段对运动的反应受到生物钟或者生理节奏的控制。</p><p style=\"box-sizing: border-box; margin-top: 15px; margin-bottom: 15px; text-indent: 2em; color: rgb(51, 51, 51); font-family: 宋体, Arial, Helvetica; white-space: normal; background-color: rgb(255, 255, 255);\">研究人员说：“现在就下结论说在一个时段比另一时间段作运动较好还为时尚早，但我们很惊讶的是荷尔蒙对运动的反应竟与时间段有关。”“在机体对运动的反应中，生物钟好象扮演着重要的角色。”</p><p style=\"box-sizing: border-box; margin-top: 15px; margin-bottom: 15px; text-indent: 2em; color: rgb(51, 51, 51); font-family: 宋体, Arial, Helvetica; white-space: normal; background-color: rgb(255, 255, 255);\">以前，专家一般认为早上是锻炼减肥的最佳时间，而这一研究结果可能会改变这种观点，认为晚上进行锻炼比较合适。</p><p style=\"box-sizing: border-box; margin-top: 15px; margin-bottom: 15px; text-indent: 2em; color: rgb(51, 51, 51); font-family: 宋体, Arial, Helvetica; white-space: normal; background-color: rgb(255, 255, 255);\">清晨、中午和晚上，跑步的最佳时间，你是在什么时间锻炼呢?当然，你的锻炼时间是要受到你的工作、学习的限制。但是，如果你可以任意选择的话，那么是否存在最佳的锻炼时间呢?专家们说：有。但是这个时间在很大程度上依赖于你自己。</p><p style=\"box-sizing: border-box; margin-top: 15px; margin-bottom: 15px; text-indent: 2em; color: rgb(51, 51, 51); font-family: 宋体, Arial, Helvetica; white-space: normal; background-color: rgb(255, 255, 255);\">近年来，科学家们在不断地探索生物钟和运动之间的关系，以求找到一个每天能够消耗脂肪最多的时间。结果发现，身体温度的变化将最大程度地影响锻炼的质量与效果。也就是说，当你锻炼时，体温越高，你锻炼的效果就越好。</p><p style=\"box-sizing: border-box; margin-top: 15px; margin-bottom: 15px; text-indent: 2em; color: rgb(51, 51, 51); font-family: 宋体, Arial, Helvetica; white-space: normal; background-color: rgb(255, 255, 255);\">通常，在起床前的1~3个小时内，体温是最低的，而到了下午的时候就会升到最高。因此，可以肯定地说，运动的最佳时间是在下午。在这个时间里，你的肌肉温暖、体力充沛、心率平稳、血压较低。</p><p style=\"box-sizing: border-box; margin-top: 15px; margin-bottom: 15px; text-indent: 2em; color: rgb(51, 51, 51); font-family: 宋体, Arial, Helvetica; white-space: normal; background-color: rgb(255, 255, 255);\">但科学家们也警告说，不要认为生物钟的规律就能决定一切，你锻炼的最佳时间还得取决于你是否能够按时去做。所以把时间安排在不会影响正常工作的时间里，而且也不要总是想着身体的生物钟。</p><p><br/></p>','[]','2017-07-25 17:38:32','2017-07-26 11:11:27','02','01','','');

/*Table structure for table `mc_article_release` */

DROP TABLE IF EXISTS `mc_article_release`;

CREATE TABLE `mc_article_release` (
  `id` int(11) NOT NULL AUTO_INCREMENT,
  `article_info_id` int(11) DEFAULT NULL COMMENT 'mc_article_info 表 id',
  `flag` int(4) DEFAULT '1' COMMENT '发布的文章是否生效 1生效 0失效',
  `url` varchar(400) DEFAULT '' COMMENT '发布到cfile上的路径',
  `releaser_id` int(11) DEFAULT NULL COMMENT '发布人id',
  `releaser` varchar(20) DEFAULT '' COMMENT '发布人',
  `release_time` datetime DEFAULT NULL COMMENT '发布时间',
  PRIMARY KEY (`id`)
) ENGINE=InnoDB AUTO_INCREMENT=96 DEFAULT CHARSET=utf8;

/*Data for the table `mc_article_release` */

insert  into `mc_article_release`(`id`,`article_info_id`,`flag`,`url`,`releaser_id`,`releaser`,`release_time`) values (6,7,0,'http://test-files.huijiayou.cn/cfiles/staticfiles/upload/29add/70d564ecba994794b46ba860c1d7b45a.html',2,'媒体站','2017-07-17 15:38:26'),(7,22,0,'http://test-files.huijiayou.cn/cfiles/staticfiles/upload/29add/0d7081a81a80450c840ba734b2aab977.html',2,'媒体站','2017-07-17 15:34:17'),(8,7,0,'http://test-files.huijiayou.cn/cfiles/staticfiles/upload/29add/4a5a286ece8f4a9d9560780a3d4a982d.html',2,'媒体站','2017-07-17 15:44:21'),(9,7,0,'http://test-files.huijiayou.cn/cfiles/staticfiles/upload/29ade/fa8148c995484d4590e203e8cad5fcb1.html',2,'媒体站','2017-07-18 13:52:04'),(10,22,0,'http://test-files.huijiayou.cn/cfiles/staticfiles/upload/29ade/017fc661bcf3430580c39f3ec9b699e3.html',2,'媒体站','2017-07-18 18:03:55'),(11,24,0,'http://test-files.huijiayou.cn/cfiles/staticfiles/upload/29ade/be9268ec349a405f879f725a6b014811.html',2,'媒体站','2017-07-18 18:22:46'),(12,25,0,'http://test-files.huijiayou.cn/cfiles/staticfiles/upload/29adf/0df64f176c43420e89c9dd8f5570378e.html',2,'媒体站','2017-07-19 11:03:22'),(13,24,0,'http://test-files.huijiayou.cn/cfiles/staticfiles/upload/29adf/ea6d2c6bcd174fe3a79c80fe3a8333e6.html',2,'媒体站','2017-07-19 14:59:57'),(14,24,0,'http://test-files.huijiayou.cn/cfiles/staticfiles/upload/29adf/874498bb71f6499aba5a80bf39885b03.html',2,'媒体站','2017-07-19 15:02:59'),(15,24,0,'http://test-files.huijiayou.cn/cfiles/staticfiles/upload/29adf/152399bfbbff4966b0f3162e4ab23061.html',2,'媒体站','2017-07-19 15:15:31'),(16,24,0,'http://test-files.huijiayou.cn/cfiles/staticfiles/upload/29adf/266f9196b5334a689a3b38c3573ac334.html',2,'媒体站','2017-07-19 15:28:07'),(17,24,0,'http://test-files.huijiayou.cn/cfiles/staticfiles/upload/29adf/8e8f3797bf174c5bbdb7adcbb12acdc4.html',2,'媒体站','2017-07-19 15:33:26'),(18,25,0,'http://test-files.huijiayou.cn/cfiles/staticfiles/upload/29adf/f4998c6347f148a19b7994a524619e1d.html',2,'媒体站','2017-07-19 16:27:44'),(19,24,0,'http://test-files.huijiayou.cn/cfiles/staticfiles/upload/29adf/039bebafc6384b48a5e6ee371a7f58a3.html',2,'媒体站','2017-07-19 16:28:03'),(20,24,0,'http://test-files.huijiayou.cn/cfiles/staticfiles/upload/29adf/cf4cd8634894435bbad6bea506409680.html',2,'媒体站','2017-07-19 16:30:57'),(21,24,0,'http://test-files.huijiayou.cn/cfiles/staticfiles/upload/29adf/c9b4fe0f707647a7b6786d7eab4932c7.html',2,'媒体站','2017-07-19 16:32:56'),(22,24,0,'http://test-files.huijiayou.cn/cfiles/staticfiles/upload/29adf/0513f64f72fc46188ae4c59b2c528d48.html',2,'媒体站','2017-07-19 16:45:38'),(23,24,0,'http://test-files.huijiayou.cn/cfiles/staticfiles/upload/29adf/f2b792151cdc437791e1c80b93c8c194.html',2,'媒体站','2017-07-19 17:03:30'),(24,24,0,'http://test-files.huijiayou.cn/cfiles/staticfiles/upload/29adf/a414d362aa2d4552a795bd2b91ee0876.html',2,'媒体站','2017-07-19 17:15:34'),(25,24,0,'http://test-files.huijiayou.cn/cfiles/staticfiles/upload/29adf/24be2f3a0d90459782dfe7e80fc3f8d3.html',2,'媒体站','2017-07-19 17:17:04'),(26,24,0,'http://test-files.huijiayou.cn/cfiles/staticfiles/upload/29adf/d18579eee078435ea3d30b91dcf955c8.html',2,'媒体站','2017-07-19 17:33:25'),(27,24,0,'http://test-files.huijiayou.cn/cfiles/staticfiles/upload/29adf/095d065799c5456aa6739f0a79978225.html',2,'媒体站','2017-07-19 17:35:30'),(28,24,0,'http://test-files.huijiayou.cn/cfiles/staticfiles/upload/29adf/e5f6f097dfb047cd94d89e61d4b46c40.html',2,'媒体站','2017-07-19 17:38:52'),(29,24,0,'http://test-files.huijiayou.cn/cfiles/staticfiles/upload/29adf/a6d4bad0f4394c758cbd5a52adac389f.html',2,'媒体站','2017-07-19 17:54:46'),(30,24,0,'http://test-files.huijiayou.cn/cfiles/staticfiles/upload/29adf/2175ee467faf45e5ac0e17f20f533bd1.html',2,'媒体站','2017-07-19 18:37:38'),(31,24,0,'http://test-files.huijiayou.cn/cfiles/staticfiles/upload/29adf/99640975b59b4dbfb550d0e79e04a070.html',2,'媒体站','2017-07-19 18:39:54'),(32,24,0,'http://test-files.huijiayou.cn/cfiles/staticfiles/upload/29ae0/774f3e9b8c684dd8a0149cbba9ae20f0.html',2,'媒体站','2017-07-20 14:27:18'),(33,45,0,'http://test-files.huijiayou.cn/cfiles/staticfiles/upload/29ae4/c0a6c8b907894ad0acc2517dfc2dfef7.html',2,'媒体站','2017-07-24 11:01:44'),(34,7,0,'http://test-files.huijiayou.cn/cfiles/staticfiles/upload/29ae4/2c84ead9bb0d401da10291d7806a6109.html',2,'媒体站','2017-07-24 11:58:14'),(35,7,0,'http://test-files.huijiayou.cn/cfiles/staticfiles/upload/29ae4/3538152ae6ab4118a27c83c63333f836.html',2,'媒体站','2017-07-24 11:59:20'),(36,7,0,'http://test-files.huijiayou.cn/cfiles/staticfiles/upload/29ae4/d7d15ed1a98b4b7180484dbd085043c8.html',2,'媒体站','2017-07-24 12:01:44'),(37,24,0,'http://test-files.huijiayou.cn/cfiles/staticfiles/upload/29ae4/e112c42ebeb7400d829e0980eb587240.html',2,'媒体站','2017-07-24 12:04:24'),(38,24,0,'http://test-files.huijiayou.cn/cfiles/staticfiles/upload/29ae4/d6e67b706ffa4d9395458e6a72876c81.html',2,'媒体站','2017-07-24 14:16:57'),(39,49,0,'http://test-files.huijiayou.cn/cfiles/staticfiles/upload/29ae4/e83b2b44ffb24d59813e8e5de700ccee.html',2,'媒体站','2017-07-24 14:41:18'),(40,48,0,'http://test-files.huijiayou.cn/cfiles/staticfiles/upload/29ae4/cc6de1cde01c4b638473698dc2f0adde.html',2,'媒体站','2017-07-24 14:43:28'),(41,50,0,'http://test-files.huijiayou.cn/cfiles/staticfiles/upload/29ae4/dc5344108fcb467daed8e1e285a26179.html',2,'媒体站','2017-07-24 15:05:48'),(42,50,0,'http://test-files.huijiayou.cn/cfiles/staticfiles/upload/29ae4/f8dac36648ed4c17b786e21b9e57ffc0.html',2,'媒体站','2017-07-24 15:06:31'),(43,49,0,'http://test-files.huijiayou.cn/cfiles/staticfiles/upload/29ae4/21ce5cc5b7ce43fe8faf462d68036cb2.html',2,'媒体站','2017-07-24 15:08:18'),(44,50,0,'http://test-files.huijiayou.cn/cfiles/staticfiles/upload/29ae4/0a2628a10d8a4805b8bb3d683ecdb627.html',2,'媒体站','2017-07-24 15:26:18'),(45,24,0,'http://test-files.huijiayou.cn/cfiles/staticfiles/upload/29ae4/56b3534426184dc48b9384364cd2b071.html',2,'媒体站','2017-07-24 16:05:22'),(46,50,0,'http://test-files.huijiayou.cn/cfiles/staticfiles/upload/29ae5/faff4cec0601490585c9be42cb9a91b3.html',2,'媒体站','2017-07-25 10:33:51'),(47,48,0,'http://test-files.huijiayou.cn/cfiles/staticfiles/upload/29ae5/c36f148cf2c647868d30de3578fddec5.html',2,'媒体站','2017-07-25 10:37:58'),(48,50,0,'http://test-files.huijiayou.cn/cfiles/staticfiles/upload/29ae5/ac542df33d924f5a92f07f793d52dfbb.html',2,'媒体站','2017-07-25 10:39:08'),(49,49,0,'http://test-files.huijiayou.cn/cfiles/staticfiles/upload/29ae5/d9dc5d5a8eab4dd1831ba0fc0d9e3964.html',2,'媒体站','2017-07-25 10:39:54'),(50,48,0,'http://test-files.huijiayou.cn/cfiles/staticfiles/upload/29ae5/496d67a734fd47f4b91a9821aada7f61.html',2,'媒体站','2017-07-25 10:40:30'),(51,24,0,'http://test-files.huijiayou.cn/cfiles/staticfiles/upload/29ae5/bbc6afb9b8d84ad98b289ca21fe8a438.html',2,'媒体站','2017-07-25 10:40:55'),(52,22,1,'http://test-files.huijiayou.cn/cfiles/staticfiles/upload/29ae5/bac0ec34bc9a45fba0a65e29fad48d3e.html',2,'媒体站','2017-07-25 10:41:37'),(53,48,0,'http://test-files.huijiayou.cn/cfiles/staticfiles/upload/29ae5/6653936b4d9748ea9c27dbecc594ec6c.html',2,'媒体站','2017-07-25 10:46:31'),(54,52,0,'http://test-files.huijiayou.cn/cfiles/staticfiles/upload/29ae5/300be33c76b044fc90b28700e6cffeae.html',2,'媒体站','2017-07-25 11:04:18'),(55,4,1,'http://test-files.huijiayou.cn/cfiles/staticfiles/upload/29ae5/a453371fc7bb4c2e9cae7d32c7efb466.html',2,'媒体站','2017-07-25 11:24:39'),(56,48,0,'http://test-files.huijiayou.cn/cfiles/staticfiles/upload/29ae5/256895545bc042e6888b77c5fd85a177.html',2,'媒体站','2017-07-25 11:33:25'),(57,48,1,'http://test-files.huijiayou.cn/cfiles/staticfiles/upload/29ae5/572816e8f1b64ec6a2ab76000e69a38a.html',2,'媒体站','2017-07-25 11:36:02'),(58,27,1,'http://test-files.huijiayou.cn/cfiles/staticfiles/upload/29ae5/322d8296b9d5461dafe045fd75c8aa5b.html',2,'媒体站','2017-07-25 11:37:53'),(59,24,0,'http://test-files.huijiayou.cn/cfiles/staticfiles/upload/29ae5/8b4711abb28f48a2ba9c7a7f9e41d5c4.html',2,'媒体站','2017-07-25 11:55:59'),(60,55,0,'http://test-files.huijiayou.cn/cfiles/staticfiles/upload/29ae5/939452adf5a94d7bbe515c3f49d8e56f.html',2,'媒体站','2017-07-25 14:09:04'),(61,49,1,'http://test-files.huijiayou.cn/cfiles/staticfiles/upload/29ae5/7899cb45e7f146219d2989efac1bb941.html',2,'媒体站','2017-07-25 14:09:10'),(62,58,0,'http://test-files.huijiayou.cn/cfiles/staticfiles/upload/29ae5/791f9f2c8d704597b43f2bdc5a5ba769.html',2,'媒体站','2017-07-25 14:54:04'),(63,55,0,'http://test-files.huijiayou.cn/cfiles/staticfiles/upload/29ae5/b81ebff1204c43b4b09d3bcafdbdeecf.html',2,'媒体站','2017-07-25 14:56:39'),(64,58,0,'http://test-files.huijiayou.cn/cfiles/staticfiles/upload/29ae5/c3c1eab3eb19409581fd88ef159d68a1.html',2,'媒体站','2017-07-25 15:01:05'),(65,58,0,'http://test-files.huijiayou.cn/cfiles/staticfiles/upload/29ae5/e559ff21bd5d4e11a969473c152a9c27.html',2,'媒体站','2017-07-25 15:04:34'),(66,52,0,'http://test-files.huijiayou.cn/cfiles/staticfiles/upload/29ae5/48290c5a435b4eeb8fa9c8fe4b8c3d43.html',2,'媒体站','2017-07-25 15:05:25'),(67,58,0,'http://test-files.huijiayou.cn/cfiles/staticfiles/upload/29ae5/ec3ca1ef18474ff7a4566bfd7797af3e.html',2,'媒体站','2017-07-25 15:05:56'),(68,58,1,'http://test-files.huijiayou.cn/cfiles/staticfiles/upload/29ae5/493c5ed4a4124651a6f04aa391ae50b4.html',2,'媒体站','2017-07-25 15:06:57'),(69,55,0,'http://test-files.huijiayou.cn/cfiles/staticfiles/upload/29ae5/6f42b53915814c608ce926b1183b9e21.html',2,'媒体站','2017-07-25 15:12:49'),(70,52,0,'http://test-files.huijiayou.cn/cfiles/staticfiles/upload/29ae5/94392d870890421ea07d652a47b7dcd2.html',2,'媒体站','2017-07-25 15:12:55'),(71,60,0,'http://test-files.huijiayou.cn/cfiles/staticfiles/upload/29ae5/51ca2ca9fa45494c8a72c62ddf2d3018.html',2,'媒体站','2017-07-25 15:35:50'),(72,60,0,'http://test-files.huijiayou.cn/cfiles/staticfiles/upload/29ae5/75594fef87664500a9abb47b5250199d.html',2,'媒体站','2017-07-25 15:56:05'),(73,7,1,'http://test-files.huijiayou.cn/cfiles/staticfiles/upload/29ae5/d992dc0ce1fa439b978aa904bb2ceb47.html',2,'媒体站','2017-07-25 16:48:58'),(74,24,0,'http://test-files.huijiayou.cn/cfiles/staticfiles/upload/29ae5/794bb22e0f71459abc0f68e537646d1f.html',2,'媒体站','2017-07-25 17:32:28'),(75,62,0,'http://test-files.huijiayou.cn/cfiles/staticfiles/upload/29ae5/dc0b0b4b260f4945a0b22a968dcfe903.html',2,'媒体站','2017-07-25 17:38:39'),(76,62,0,'http://test-files.huijiayou.cn/cfiles/staticfiles/upload/29ae5/8772a1846a1e4e3fa0342d733669858a.html',2,'媒体站','2017-07-25 17:40:25'),(77,62,0,'http://test-files.huijiayou.cn/cfiles/staticfiles/upload/29ae5/2c95aea4e7324f13b0d7ca8041b39bbe.html',2,'媒体站','2017-07-25 17:42:01'),(78,62,0,'http://test-files.huijiayou.cn/cfiles/staticfiles/upload/29ae5/61ca57e8b7f84c869ae1c32a280244ec.html',2,'媒体站','2017-07-25 18:09:43'),(79,52,0,'http://test-files.huijiayou.cn/cfiles/staticfiles/upload/29ae5/52989f45a8e8450788b6f6a2de437eb6.html',2,'媒体站','2017-07-25 18:11:06'),(80,60,0,'http://test-files.huijiayou.cn/cfiles/staticfiles/upload/29ae5/3cb49b4805bc40638b2ce4a12501e4c2.html',2,'媒体站','2017-07-25 18:16:15'),(81,57,0,'http://test-files.huijiayou.cn/cfiles/staticfiles/upload/29ae5/69620454743a4aad8d748fae15415e46.html',2,'媒体站','2017-07-25 18:18:53'),(82,57,0,'http://test-files.huijiayou.cn/cfiles/staticfiles/upload/29ae5/bda0e26fc3b44c29b84457805c9b7811.html',2,'媒体站','2017-07-25 18:20:35'),(83,24,0,'http://test-files.huijiayou.cn/cfiles/staticfiles/upload/29ae6/eb8402bfab0f4011b435063c8077295f.html',2,'媒体站','2017-07-26 10:37:38'),(84,52,1,'http://test-files.huijiayou.cn/cfiles/staticfiles/upload/29ae6/4470750384094b77baff25a5f562d104.html',2,'媒体站','2017-07-26 10:37:44'),(85,62,1,'http://test-files.huijiayou.cn/cfiles/staticfiles/upload/29ae6/189669e71f094b56ab4c89c85703e871.html',2,'媒体站','2017-07-26 11:11:28'),(86,60,1,'http://test-files.huijiayou.cn/cfiles/staticfiles/upload/29ae6/03719125cb1b408084950a5432b5ee3c.html',2,'媒体站','2017-07-26 11:11:36'),(87,25,0,'http://test-files.huijiayou.cn/cfiles/staticfiles/upload/29ae6/5469434f538d47b0ae71b533064ef284.html',2,'媒体站','2017-07-26 11:12:47'),(88,24,1,'http://test-files.huijiayou.cn/cfiles/staticfiles/upload/29ae6/44e13180d13540b49c0c83b0a2cc34e5.html',2,'媒体站','2017-07-26 11:19:28'),(89,57,1,'http://test-files.huijiayou.cn/cfiles/staticfiles/upload/29ae6/57a0d7270cc14269b65b3f7bae196899.html',2,'媒体站','2017-07-26 11:34:10'),(90,25,1,'http://test-files.huijiayou.cn/cfiles/staticfiles/upload/29ae6/9a474763d5f045de8ea2b32c73c747f7.html',2,'媒体站','2017-07-26 14:12:36'),(91,55,1,'http://test-files.huijiayou.cn/cfiles/staticfiles/upload/29ae6/84b66611811a467cba6323529e70a1d8.html',2,'媒体站','2017-07-26 14:12:40'),(92,45,1,'http://test-files.huijiayou.cn/cfiles/staticfiles/upload/29ae6/be2d286e54754cff9cc133745a31d7d9.html',2,'媒体站','2017-07-26 14:54:11'),(93,50,1,'http://test-files.huijiayou.cn/cfiles/staticfiles/upload/29ae6/a8cb758cfa9748a28271874c540d658a.html',2,'媒体站','2017-07-26 18:07:49'),(94,61,1,'http://test-files.huijiayou.cn/cfiles/staticfiles/upload/29ae7/acc23c0ef7104fd0adabfbc83799c826.html',2,'媒体站','2017-07-27 10:52:25'),(95,30,1,'http://test-files.huijiayou.cn/cfiles/staticfiles/upload/29ae7/bc35b1a9604142f4a19b2fd45dd8e31d.html',2,'媒体站','2017-07-27 11:32:22');

/*Table structure for table `mc_article_type` */

DROP TABLE IF EXISTS `mc_article_type`;

CREATE TABLE `mc_article_type` (
  `id` int(11) NOT NULL AUTO_INCREMENT,
  `name` varchar(25) DEFAULT '' COMMENT '分类名称',
  `create_time` datetime DEFAULT NULL,
  `create_user_id` int(11) DEFAULT NULL,
  `update_time` datetime DEFAULT NULL,
  `update_user_id` int(11) DEFAULT NULL,
  `exta` varchar(20) DEFAULT '' COMMENT '扩展a',
  `extb` varchar(20) DEFAULT '' COMMENT '扩展b',
  `extc` varchar(20) DEFAULT '' COMMENT '扩展c',
  `extd` varchar(20) DEFAULT '' COMMENT '扩展d',
  PRIMARY KEY (`id`)
) ENGINE=InnoDB AUTO_INCREMENT=25 DEFAULT CHARSET=utf8;

/*Data for the table `mc_article_type` */

insert  into `mc_article_type`(`id`,`name`,`create_time`,`create_user_id`,`update_time`,`update_user_id`,`exta`,`extb`,`extc`,`extd`) values (1,'海外购','2017-06-16 16:17:48',1,'2017-07-21 14:15:56',2,'','','',''),(2,'生活电器','2017-06-16 16:22:04',1,'2017-07-25 10:21:11',2,'','','',''),(3,'厨房用品','2017-06-21 15:34:21',1,'2017-06-21 15:34:21',1,'','','',''),(4,'海外购','2017-06-21 15:34:36',1,'2017-07-24 10:48:22',2,'','','',''),(5,'海外购','2017-06-21 17:33:08',1,'2017-07-24 10:48:22',2,'','','',''),(9,'海外购','2017-07-21 14:10:09',2,'2017-07-21 14:11:02',2,'','','',''),(10,'惠头条','2017-07-21 14:11:02',2,'2017-07-21 14:16:23',2,'','','',''),(11,'推荐分类','2017-07-21 14:17:31',2,'2017-07-21 14:17:31',2,'','','',''),(17,'生活电器','2017-07-21 17:12:17',2,'2017-07-21 17:12:17',2,'','','',''),(18,'服装服饰','2017-07-21 17:14:19',2,'2017-07-21 17:14:19',2,'','','',''),(19,'家纺用品','2017-07-21 17:14:33',2,'2017-07-21 17:14:33',2,'','','',''),(20,'食品饮料','2017-07-21 17:14:51',2,'2017-07-21 17:14:51',2,'','','',''),(22,'TV直播','2017-07-24 14:53:30',2,'2017-07-24 14:53:30',2,'','','',''),(23,'养生','2017-07-27 10:47:25',2,'2017-07-27 10:47:25',2,'','','',''),(24,'其他','2017-07-27 10:47:31',2,'2017-07-27 10:47:31',2,'','','','');

/*!40101 SET SQL_MODE=@OLD_SQL_MODE */;
/*!40014 SET FOREIGN_KEY_CHECKS=@OLD_FOREIGN_KEY_CHECKS */;
/*!40014 SET UNIQUE_CHECKS=@OLD_UNIQUE_CHECKS */;
/*!40111 SET SQL_NOTES=@OLD_SQL_NOTES */;
